Year,State,City,Local,WWTP,Event,Sampling_Date,Event_Day,Period,Substance,Drug_Class,Analytical_Platform,Analysis_Type,Detection,Concentration_ng_L,Population_NH4N,PNML_mg_day_1000inh,Latitude,Longitude,Compound_Class,Effect,Reported_Concentration_Text,Reported_PNML_Text,Notes
2023,PE,Recife,PE - Recife,Cabanga,Carnival,2023-03-17,1,Reference,Bromazolam,NPS,Triple Quadrupole,Quantification,Below LOD,,190211.67,0.01,-8.071,-34.884,Benzodiazepina,,< LOD,0.01,Reference Week: 17–23/03/2023. Datas preenchidas pela sequência do período informado. Os nomes dos dias da semana fornecidos na tabela (Thursday–Wednesday) não coincidem com o calendário real de 17–23/03/2023; por isso a data explícita foi priorizada.
2023,PE,Olinda,PE - Olinda,Peixinho,Carnival,2023-03-17,1,Reference,Bromazolam,NPS,Triple Quadrupole,Quantification,Below LOD,,197005.34,0.01,-7.999,-34.86,Benzodiazepina,,< LOD,0.01,Reference Week: 17–23/03/2023. Datas preenchidas pela sequência do período informado. Os nomes dos dias da semana fornecidos na tabela (Thursday–Wednesday) não coincidem com o calendário real de 17–23/03/2023; por isso a data explícita foi priorizada.
2023,PE,Recife,PE - Recife,Cabanga,Carnival,2023-03-17,1,Reference,Flubromazepam,NPS,Triple Quadrupole,Quantification,Detected,3.1,190211.67,0.33,-8.071,-34.884,Benzodiazepina,,3.1,0.33,Reference Week: 17–23/03/2023. Datas preenchidas pela sequência do período informado. Os nomes dos dias da semana fornecidos na tabela (Thursday–Wednesday) não coincidem com o calendário real de 17–23/03/2023; por isso a data explícita foi priorizada.
2023,PE,Olinda,PE - Olinda,Peixinho,Carnival,2023-03-17,1,Reference,Flubromazepam,NPS,Triple Quadrupole,Quantification,Detected,4.1,197005.34,0.58,-7.999,-34.86,Benzodiazepina,,4.1,0.58,Reference Week: 17–23/03/2023. Datas preenchidas pela sequência do período informado. Os nomes dos dias da semana fornecidos na tabela (Thursday–Wednesday) não coincidem com o calendário real de 17–23/03/2023; por isso a data explícita foi priorizada.
2023,PE,Recife,PE - Recife,Cabanga,Carnival,2023-03-17,1,Reference,Methcathinone,NPS,Triple Quadrupole,Quantification,Detected,64.9,190211.67,6.9,-8.071,-34.884,Catinona sintética,Estimulante,64.9,6.9,Reference Week: 17–23/03/2023. Datas preenchidas pela sequência do período informado. Os nomes dos dias da semana fornecidos na tabela (Thursday–Wednesday) não coincidem com o calendário real de 17–23/03/2023; por isso a data explícita foi priorizada.
2023,PE,Olinda,PE - Olinda,Peixinho,Carnival,2023-03-17,1,Reference,Methcathinone,NPS,Triple Quadrupole,Quantification,Detected,91.3,197005.34,12.96,-7.999,-34.86,Catinona sintética,Estimulante,91.3,12.96,Reference Week: 17–23/03/2023. Datas preenchidas pela sequência do período informado. Os nomes dos dias da semana fornecidos na tabela (Thursday–Wednesday) não coincidem com o calendário real de 17–23/03/2023; por isso a data explícita foi priorizada.
2023,PE,Recife,PE - Recife,Cabanga,Carnival,2023-03-17,1,Reference,Butylone,NPS,Triple Quadrupole,Quantification,Below LOD,,190211.67,0.02,-8.071,-34.884,Catinona sintética,Estimulante/entactógeno,< LOD,0.02,Reference Week: 17–23/03/2023. Datas preenchidas pela sequência do período informado. Os nomes dos dias da semana fornecidos na tabela (Thursday–Wednesday) não coincidem com o calendário real de 17–23/03/2023; por isso a data explícita foi priorizada.
2023,PE,Olinda,PE - Olinda,Peixinho,Carnival,2023-03-17,1,Reference,Butylone,NPS,Triple Quadrupole,Quantification,Below LOD,,197005.34,0.02,-7.999,-34.86,Catinona sintética,Estimulante/entactógeno,< LOD,0.02,Reference Week: 17–23/03/2023. Datas preenchidas pela sequência do período informado. Os nomes dos dias da semana fornecidos na tabela (Thursday–Wednesday) não coincidem com o calendário real de 17–23/03/2023; por isso a data explícita foi priorizada.
2023,PE,Recife,PE - Recife,Cabanga,Carnival,2023-03-17,1,Reference,Desalkylflurazepam,Metabolite,Triple Quadrupole,Quantification,Detected,1.3,190211.67,0.1,-8.071,-34.884,Metabólito de benzodiazepínico,,1.3,0.1,Reference Week: 17–23/03/2023. Datas preenchidas pela sequência do período informado. Os nomes dos dias da semana fornecidos na tabela (Thursday–Wednesday) não coincidem com o calendário real de 17–23/03/2023; por isso a data explícita foi priorizada.
2023,PE,Olinda,PE - Olinda,Peixinho,Carnival,2023-03-17,1,Reference,Desalkylflurazepam,Metabolite,Triple Quadrupole,Quantification,Below LOD,,197005.34,0.08,-7.999,-34.86,Metabólito de benzodiazepínico,,< LOD,0.08,Reference Week: 17–23/03/2023. Datas preenchidas pela sequência do período informado. Os nomes dos dias da semana fornecidos na tabela (Thursday–Wednesday) não coincidem com o calendário real de 17–23/03/2023; por isso a data explícita foi priorizada.
2023,PE,Recife,PE - Recife,Cabanga,Carnival,2023-03-17,1,Reference,Eutylone,NPS,Triple Quadrupole,Quantification,Below LOD,,190211.67,0.01,-8.071,-34.884,Catinona sintética,Estimulante/entactógeno,< LOD,0.01,Reference Week: 17–23/03/2023. Datas preenchidas pela sequência do período informado. Os nomes dos dias da semana fornecidos na tabela (Thursday–Wednesday) não coincidem com o calendário real de 17–23/03/2023; por isso a data explícita foi priorizada.
2023,PE,Olinda,PE - Olinda,Peixinho,Carnival,2023-03-17,1,Reference,Eutylone,NPS,Triple Quadrupole,Quantification,Below LOD,,197005.34,0.01,-7.999,-34.86,Catinona sintética,Estimulante/entactógeno,< LOD,0.01,Reference Week: 17–23/03/2023. Datas preenchidas pela sequência do período informado. Os nomes dos dias da semana fornecidos na tabela (Thursday–Wednesday) não coincidem com o calendário real de 17–23/03/2023; por isso a data explícita foi priorizada.
2023,PE,Recife,PE - Recife,Cabanga,Carnival,2023-03-17,1,Reference,Mitragynine,NPS,Triple Quadrupole,Quantification,Below LOD,,190211.67,0.21,-8.071,-34.884,Alcaloide indólico,,< LOD,0.21,Reference Week: 17–23/03/2023. Datas preenchidas pela sequência do período informado. Os nomes dos dias da semana fornecidos na tabela (Thursday–Wednesday) não coincidem com o calendário real de 17–23/03/2023; por isso a data explícita foi priorizada.
2023,PE,Olinda,PE - Olinda,Peixinho,Carnival,2023-03-17,1,Reference,Mitragynine,NPS,Triple Quadrupole,Quantification,Below LOD,,197005.34,0.28,-7.999,-34.86,Alcaloide indólico,,< LOD,0.28,Reference Week: 17–23/03/2023. Datas preenchidas pela sequência do período informado. Os nomes dos dias da semana fornecidos na tabela (Thursday–Wednesday) não coincidem com o calendário real de 17–23/03/2023; por isso a data explícita foi priorizada.
2023,PE,Recife,PE - Recife,Cabanga,Carnival,2023-03-18,2,Reference,Bromazolam,NPS,Triple Quadrupole,Quantification,Below LOD,,190211.67,0.01,-8.071,-34.884,Benzodiazepina,,< LOD,0.01,Reference Week: 17–23/03/2023. Datas preenchidas pela sequência do período informado. Os nomes dos dias da semana fornecidos na tabela (Thursday–Wednesday) não coincidem com o calendário real de 17–23/03/2023; por isso a data explícita foi priorizada.
2023,PE,Olinda,PE - Olinda,Peixinho,Carnival,2023-03-18,2,Reference,Bromazolam,NPS,Triple Quadrupole,Quantification,Detected,15.6,197005.34,2.46,-7.999,-34.86,Benzodiazepina,,15.6,2.46,Reference Week: 17–23/03/2023. Datas preenchidas pela sequência do período informado. Os nomes dos dias da semana fornecidos na tabela (Thursday–Wednesday) não coincidem com o calendário real de 17–23/03/2023; por isso a data explícita foi priorizada.
2023,PE,Recife,PE - Recife,Cabanga,Carnival,2023-03-18,2,Reference,Flubromazepam,NPS,Triple Quadrupole,Quantification,Below LOD,,190211.67,0.22,-8.071,-34.884,Benzodiazepina,,< LOD,0.22,Reference Week: 17–23/03/2023. Datas preenchidas pela sequência do período informado. Os nomes dos dias da semana fornecidos na tabela (Thursday–Wednesday) não coincidem com o calendário real de 17–23/03/2023; por isso a data explícita foi priorizada.
2023,PE,Olinda,PE - Olinda,Peixinho,Carnival,2023-03-18,2,Reference,Flubromazepam,NPS,Triple Quadrupole,Quantification,Detected,0.9,197005.34,0.14,-7.999,-34.86,Benzodiazepina,,0.9,0.14,Reference Week: 17–23/03/2023. Datas preenchidas pela sequência do período informado. Os nomes dos dias da semana fornecidos na tabela (Thursday–Wednesday) não coincidem com o calendário real de 17–23/03/2023; por isso a data explícita foi priorizada.
2023,PE,Recife,PE - Recife,Cabanga,Carnival,2023-03-18,2,Reference,Methcathinone,NPS,Triple Quadrupole,Quantification,Detected,55.9,190211.67,4.08,-8.071,-34.884,Catinona sintética,Estimulante,55.9,4.08,Reference Week: 17–23/03/2023. Datas preenchidas pela sequência do período informado. Os nomes dos dias da semana fornecidos na tabela (Thursday–Wednesday) não coincidem com o calendário real de 17–23/03/2023; por isso a data explícita foi priorizada.
2023,PE,Olinda,PE - Olinda,Peixinho,Carnival,2023-03-18,2,Reference,Methcathinone,NPS,Triple Quadrupole,Quantification,Detected,25.7,197005.34,4.05,-7.999,-34.86,Catinona sintética,Estimulante,25.7,4.05,Reference Week: 17–23/03/2023. Datas preenchidas pela sequência do período informado. Os nomes dos dias da semana fornecidos na tabela (Thursday–Wednesday) não coincidem com o calendário real de 17–23/03/2023; por isso a data explícita foi priorizada.
2023,PE,Recife,PE - Recife,Cabanga,Carnival,2023-03-18,2,Reference,Butylone,NPS,Triple Quadrupole,Quantification,Below LOD,,190211.67,0.01,-8.071,-34.884,Catinona sintética,Estimulante/entactógeno,< LOD,0.01,Reference Week: 17–23/03/2023. Datas preenchidas pela sequência do período informado. Os nomes dos dias da semana fornecidos na tabela (Thursday–Wednesday) não coincidem com o calendário real de 17–23/03/2023; por isso a data explícita foi priorizada.
2023,PE,Olinda,PE - Olinda,Peixinho,Carnival,2023-03-18,2,Reference,Butylone,NPS,Triple Quadrupole,Quantification,Below LOD,,197005.34,0.03,-7.999,-34.86,Catinona sintética,Estimulante/entactógeno,< LOD,0.03,Reference Week: 17–23/03/2023. Datas preenchidas pela sequência do período informado. Os nomes dos dias da semana fornecidos na tabela (Thursday–Wednesday) não coincidem com o calendário real de 17–23/03/2023; por isso a data explícita foi priorizada.
2023,PE,Recife,PE - Recife,Cabanga,Carnival,2023-03-18,2,Reference,Desalkylflurazepam,Metabolite,Triple Quadrupole,Quantification,Detected,0.6,190211.67,0.04,-8.071,-34.884,Metabólito de benzodiazepínico,,0.6,0.04,Reference Week: 17–23/03/2023. Datas preenchidas pela sequência do período informado. Os nomes dos dias da semana fornecidos na tabela (Thursday–Wednesday) não coincidem com o calendário real de 17–23/03/2023; por isso a data explícita foi priorizada.
2023,PE,Olinda,PE - Olinda,Peixinho,Carnival,2023-03-18,2,Reference,Desalkylflurazepam,Metabolite,Triple Quadrupole,Quantification,Below LOD,,197005.34,0.09,-7.999,-34.86,Metabólito de benzodiazepínico,,< LOD,0.09,Reference Week: 17–23/03/2023. Datas preenchidas pela sequência do período informado. Os nomes dos dias da semana fornecidos na tabela (Thursday–Wednesday) não coincidem com o calendário real de 17–23/03/2023; por isso a data explícita foi priorizada.
2023,PE,Recife,PE - Recife,Cabanga,Carnival,2023-03-18,2,Reference,Eutylone,NPS,Triple Quadrupole,Quantification,Below LOD,,190211.67,0.01,-8.071,-34.884,Catinona sintética,Estimulante/entactógeno,< LOD,0.01,Reference Week: 17–23/03/2023. Datas preenchidas pela sequência do período informado. Os nomes dos dias da semana fornecidos na tabela (Thursday–Wednesday) não coincidem com o calendário real de 17–23/03/2023; por isso a data explícita foi priorizada.
2023,PE,Olinda,PE - Olinda,Peixinho,Carnival,2023-03-18,2,Reference,Eutylone,NPS,Triple Quadrupole,Quantification,Below LOD,,197005.34,0.02,-7.999,-34.86,Catinona sintética,Estimulante/entactógeno,< LOD,0.02,Reference Week: 17–23/03/2023. Datas preenchidas pela sequência do período informado. Os nomes dos dias da semana fornecidos na tabela (Thursday–Wednesday) não coincidem com o calendário real de 17–23/03/2023; por isso a data explícita foi priorizada.
2023,PE,Recife,PE - Recife,Cabanga,Carnival,2023-03-18,2,Reference,Mitragynine,NPS,Triple Quadrupole,Quantification,Below LOD,,190211.67,0.14,-8.071,-34.884,Alcaloide indólico,,< LOD,0.14,Reference Week: 17–23/03/2023. Datas preenchidas pela sequência do período informado. Os nomes dos dias da semana fornecidos na tabela (Thursday–Wednesday) não coincidem com o calendário real de 17–23/03/2023; por isso a data explícita foi priorizada.
2023,PE,Olinda,PE - Olinda,Peixinho,Carnival,2023-03-18,2,Reference,Mitragynine,NPS,Triple Quadrupole,Quantification,Below LOD,,197005.34,0.31,-7.999,-34.86,Alcaloide indólico,,< LOD,0.31,Reference Week: 17–23/03/2023. Datas preenchidas pela sequência do período informado. Os nomes dos dias da semana fornecidos na tabela (Thursday–Wednesday) não coincidem com o calendário real de 17–23/03/2023; por isso a data explícita foi priorizada.
2023,PE,Recife,PE - Recife,Cabanga,Carnival,2023-03-19,3,Reference,Bromazolam,NPS,Triple Quadrupole,Quantification,Below LOD,,190211.67,0.01,-8.071,-34.884,Benzodiazepina,,< LOD,0.01,Reference Week: 17–23/03/2023. Datas preenchidas pela sequência do período informado. Os nomes dos dias da semana fornecidos na tabela (Thursday–Wednesday) não coincidem com o calendário real de 17–23/03/2023; por isso a data explícita foi priorizada.
2023,PE,Olinda,PE - Olinda,Peixinho,Carnival,2023-03-19,3,Reference,Bromazolam,NPS,Triple Quadrupole,Quantification,Below LOD,,197005.34,0.02,-7.999,-34.86,Benzodiazepina,,< LOD,0.02,Reference Week: 17–23/03/2023. Datas preenchidas pela sequência do período informado. Os nomes dos dias da semana fornecidos na tabela (Thursday–Wednesday) não coincidem com o calendário real de 17–23/03/2023; por isso a data explícita foi priorizada.
2023,PE,Recife,PE - Recife,Cabanga,Carnival,2023-03-19,3,Reference,Flubromazepam,NPS,Triple Quadrupole,Quantification,Below LOD,,190211.67,0.16,-8.071,-34.884,Benzodiazepina,,< LOD,0.16,Reference Week: 17–23/03/2023. Datas preenchidas pela sequência do período informado. Os nomes dos dias da semana fornecidos na tabela (Thursday–Wednesday) não coincidem com o calendário real de 17–23/03/2023; por isso a data explícita foi priorizada.
2023,PE,Olinda,PE - Olinda,Peixinho,Carnival,2023-03-19,3,Reference,Flubromazepam,NPS,Triple Quadrupole,Quantification,Detected,3.9,197005.34,0.61,-7.999,-34.86,Benzodiazepina,,3.9,0.61,Reference Week: 17–23/03/2023. Datas preenchidas pela sequência do período informado. Os nomes dos dias da semana fornecidos na tabela (Thursday–Wednesday) não coincidem com o calendário real de 17–23/03/2023; por isso a data explícita foi priorizada.
2023,PE,Recife,PE - Recife,Cabanga,Carnival,2023-03-19,3,Reference,Methcathinone,NPS,Triple Quadrupole,Quantification,Detected,41.2,190211.67,3.56,-8.071,-34.884,Catinona sintética,Estimulante,41.2,3.56,Reference Week: 17–23/03/2023. Datas preenchidas pela sequência do período informado. Os nomes dos dias da semana fornecidos na tabela (Thursday–Wednesday) não coincidem com o calendário real de 17–23/03/2023; por isso a data explícita foi priorizada.
2023,PE,Olinda,PE - Olinda,Peixinho,Carnival,2023-03-19,3,Reference,Methcathinone,NPS,Triple Quadrupole,Quantification,Detected,52.4,197005.34,8.2,-7.999,-34.86,Catinona sintética,Estimulante,52.4,8.2,Reference Week: 17–23/03/2023. Datas preenchidas pela sequência do período informado. Os nomes dos dias da semana fornecidos na tabela (Thursday–Wednesday) não coincidem com o calendário real de 17–23/03/2023; por isso a data explícita foi priorizada.
2023,PE,Recife,PE - Recife,Cabanga,Carnival,2023-03-19,3,Reference,Butylone,NPS,Triple Quadrupole,Quantification,Below LOD,,190211.67,0.01,-8.071,-34.884,Catinona sintética,Estimulante/entactógeno,< LOD,0.01,Reference Week: 17–23/03/2023. Datas preenchidas pela sequência do período informado. Os nomes dos dias da semana fornecidos na tabela (Thursday–Wednesday) não coincidem com o calendário real de 17–23/03/2023; por isso a data explícita foi priorizada.
2023,PE,Olinda,PE - Olinda,Peixinho,Carnival,2023-03-19,3,Reference,Butylone,NPS,Triple Quadrupole,Quantification,Below LOD,,197005.34,0.03,-7.999,-34.86,Catinona sintética,Estimulante/entactógeno,< LOD,0.03,Reference Week: 17–23/03/2023. Datas preenchidas pela sequência do período informado. Os nomes dos dias da semana fornecidos na tabela (Thursday–Wednesday) não coincidem com o calendário real de 17–23/03/2023; por isso a data explícita foi priorizada.
2023,PE,Recife,PE - Recife,Cabanga,Carnival,2023-03-19,3,Reference,Desalkylflurazepam,Metabolite,Triple Quadrupole,Quantification,Detected,0.6,190211.67,0.05,-8.071,-34.884,Metabólito de benzodiazepínico,,0.6,0.05,Reference Week: 17–23/03/2023. Datas preenchidas pela sequência do período informado. Os nomes dos dias da semana fornecidos na tabela (Thursday–Wednesday) não coincidem com o calendário real de 17–23/03/2023; por isso a data explícita foi priorizada.
2023,PE,Olinda,PE - Olinda,Peixinho,Carnival,2023-03-19,3,Reference,Desalkylflurazepam,Metabolite,Triple Quadrupole,Quantification,Below LOD,,197005.34,0.09,-7.999,-34.86,Metabólito de benzodiazepínico,,< LOD,0.09,Reference Week: 17–23/03/2023. Datas preenchidas pela sequência do período informado. Os nomes dos dias da semana fornecidos na tabela (Thursday–Wednesday) não coincidem com o calendário real de 17–23/03/2023; por isso a data explícita foi priorizada.
2023,PE,Recife,PE - Recife,Cabanga,Carnival,2023-03-19,3,Reference,Eutylone,NPS,Triple Quadrupole,Quantification,Below LOD,,190211.67,0.01,-8.071,-34.884,Catinona sintética,Estimulante/entactógeno,< LOD,0.01,Reference Week: 17–23/03/2023. Datas preenchidas pela sequência do período informado. Os nomes dos dias da semana fornecidos na tabela (Thursday–Wednesday) não coincidem com o calendário real de 17–23/03/2023; por isso a data explícita foi priorizada.
2023,PE,Olinda,PE - Olinda,Peixinho,Carnival,2023-03-19,3,Reference,Eutylone,NPS,Triple Quadrupole,Quantification,Below LOD,,197005.34,0.02,-7.999,-34.86,Catinona sintética,Estimulante/entactógeno,< LOD,0.02,Reference Week: 17–23/03/2023. Datas preenchidas pela sequência do período informado. Os nomes dos dias da semana fornecidos na tabela (Thursday–Wednesday) não coincidem com o calendário real de 17–23/03/2023; por isso a data explícita foi priorizada.
2023,PE,Recife,PE - Recife,Cabanga,Carnival,2023-03-19,3,Reference,Mitragynine,NPS,Triple Quadrupole,Quantification,Below LOD,,190211.67,0.17,-8.071,-34.884,Alcaloide indólico,,< LOD,0.17,Reference Week: 17–23/03/2023. Datas preenchidas pela sequência do período informado. Os nomes dos dias da semana fornecidos na tabela (Thursday–Wednesday) não coincidem com o calendário real de 17–23/03/2023; por isso a data explícita foi priorizada.
2023,PE,Olinda,PE - Olinda,Peixinho,Carnival,2023-03-19,3,Reference,Mitragynine,NPS,Triple Quadrupole,Quantification,Below LOD,,197005.34,0.3,-7.999,-34.86,Alcaloide indólico,,< LOD,0.3,Reference Week: 17–23/03/2023. Datas preenchidas pela sequência do período informado. Os nomes dos dias da semana fornecidos na tabela (Thursday–Wednesday) não coincidem com o calendário real de 17–23/03/2023; por isso a data explícita foi priorizada.
2023,PE,Recife,PE - Recife,Cabanga,Carnival,2023-03-20,4,Reference,Bromazolam,NPS,Triple Quadrupole,Quantification,Below LOD,,190211.67,0.01,-8.071,-34.884,Benzodiazepina,,< LOD,0.01,Reference Week: 17–23/03/2023. Datas preenchidas pela sequência do período informado. Os nomes dos dias da semana fornecidos na tabela (Thursday–Wednesday) não coincidem com o calendário real de 17–23/03/2023; por isso a data explícita foi priorizada.
2023,PE,Olinda,PE - Olinda,Peixinho,Carnival,2023-03-20,4,Reference,Bromazolam,NPS,Triple Quadrupole,Quantification,Below LOD,,197005.34,0.02,-7.999,-34.86,Benzodiazepina,,< LOD,0.02,Reference Week: 17–23/03/2023. Datas preenchidas pela sequência do período informado. Os nomes dos dias da semana fornecidos na tabela (Thursday–Wednesday) não coincidem com o calendário real de 17–23/03/2023; por isso a data explícita foi priorizada.
2023,PE,Recife,PE - Recife,Cabanga,Carnival,2023-03-20,4,Reference,Flubromazepam,NPS,Triple Quadrupole,Quantification,Detected,3.2,190211.67,0.18,-8.071,-34.884,Benzodiazepina,,3.2,0.18,Reference Week: 17–23/03/2023. Datas preenchidas pela sequência do período informado. Os nomes dos dias da semana fornecidos na tabela (Thursday–Wednesday) não coincidem com o calendário real de 17–23/03/2023; por isso a data explícita foi priorizada.
2023,PE,Olinda,PE - Olinda,Peixinho,Carnival,2023-03-20,4,Reference,Flubromazepam,NPS,Triple Quadrupole,Quantification,Detected,1.5,197005.34,0.23,-7.999,-34.86,Benzodiazepina,,1.5,0.23,Reference Week: 17–23/03/2023. Datas preenchidas pela sequência do período informado. Os nomes dos dias da semana fornecidos na tabela (Thursday–Wednesday) não coincidem com o calendário real de 17–23/03/2023; por isso a data explícita foi priorizada.
2023,PE,Recife,PE - Recife,Cabanga,Carnival,2023-03-20,4,Reference,Methcathinone,NPS,Triple Quadrupole,Quantification,Detected,43,190211.67,2.38,-8.071,-34.884,Catinona sintética,Estimulante,43.0,2.38,Reference Week: 17–23/03/2023. Datas preenchidas pela sequência do período informado. Os nomes dos dias da semana fornecidos na tabela (Thursday–Wednesday) não coincidem com o calendário real de 17–23/03/2023; por isso a data explícita foi priorizada.
2023,PE,Olinda,PE - Olinda,Peixinho,Carnival,2023-03-20,4,Reference,Methcathinone,NPS,Triple Quadrupole,Quantification,Detected,62.5,197005.34,9.55,-7.999,-34.86,Catinona sintética,Estimulante,62.5,9.55,Reference Week: 17–23/03/2023. Datas preenchidas pela sequência do período informado. Os nomes dos dias da semana fornecidos na tabela (Thursday–Wednesday) não coincidem com o calendário real de 17–23/03/2023; por isso a data explícita foi priorizada.
2023,PE,Recife,PE - Recife,Cabanga,Carnival,2023-03-20,4,Reference,Butylone,NPS,Triple Quadrupole,Quantification,Below LOD,,190211.67,0.01,-8.071,-34.884,Catinona sintética,Estimulante/entactógeno,< LOD,0.01,Reference Week: 17–23/03/2023. Datas preenchidas pela sequência do período informado. Os nomes dos dias da semana fornecidos na tabela (Thursday–Wednesday) não coincidem com o calendário real de 17–23/03/2023; por isso a data explícita foi priorizada.
2023,PE,Olinda,PE - Olinda,Peixinho,Carnival,2023-03-20,4,Reference,Butylone,NPS,Triple Quadrupole,Quantification,Below LOD,,197005.34,0.02,-7.999,-34.86,Catinona sintética,Estimulante/entactógeno,< LOD,0.02,Reference Week: 17–23/03/2023. Datas preenchidas pela sequência do período informado. Os nomes dos dias da semana fornecidos na tabela (Thursday–Wednesday) não coincidem com o calendário real de 17–23/03/2023; por isso a data explícita foi priorizada.
2023,PE,Recife,PE - Recife,Cabanga,Carnival,2023-03-20,4,Reference,Desalkylflurazepam,Metabolite,Triple Quadrupole,Quantification,Detected,0.5,190211.67,0.03,-8.071,-34.884,Metabólito de benzodiazepínico,,0.5,0.03,Reference Week: 17–23/03/2023. Datas preenchidas pela sequência do período informado. Os nomes dos dias da semana fornecidos na tabela (Thursday–Wednesday) não coincidem com o calendário real de 17–23/03/2023; por isso a data explícita foi priorizada.
2023,PE,Olinda,PE - Olinda,Peixinho,Carnival,2023-03-20,4,Reference,Desalkylflurazepam,Metabolite,Triple Quadrupole,Quantification,Below LOD,,197005.34,0.09,-7.999,-34.86,Metabólito de benzodiazepínico,,< LOD,0.09,Reference Week: 17–23/03/2023. Datas preenchidas pela sequência do período informado. Os nomes dos dias da semana fornecidos na tabela (Thursday–Wednesday) não coincidem com o calendário real de 17–23/03/2023; por isso a data explícita foi priorizada.
2023,PE,Recife,PE - Recife,Cabanga,Carnival,2023-03-20,4,Reference,Eutylone,NPS,Triple Quadrupole,Quantification,Below LOD,,190211.67,0.01,-8.071,-34.884,Catinona sintética,Estimulante/entactógeno,< LOD,0.01,Reference Week: 17–23/03/2023. Datas preenchidas pela sequência do período informado. Os nomes dos dias da semana fornecidos na tabela (Thursday–Wednesday) não coincidem com o calendário real de 17–23/03/2023; por isso a data explícita foi priorizada.
2023,PE,Olinda,PE - Olinda,Peixinho,Carnival,2023-03-20,4,Reference,Eutylone,NPS,Triple Quadrupole,Quantification,Below LOD,,197005.34,0.02,-7.999,-34.86,Catinona sintética,Estimulante/entactógeno,< LOD,0.02,Reference Week: 17–23/03/2023. Datas preenchidas pela sequência do período informado. Os nomes dos dias da semana fornecidos na tabela (Thursday–Wednesday) não coincidem com o calendário real de 17–23/03/2023; por isso a data explícita foi priorizada.
2023,PE,Recife,PE - Recife,Cabanga,Carnival,2023-03-20,4,Reference,Mitragynine,NPS,Triple Quadrupole,Quantification,Below LOD,,190211.67,0.11,-8.071,-34.884,Alcaloide indólico,,< LOD,0.11,Reference Week: 17–23/03/2023. Datas preenchidas pela sequência do período informado. Os nomes dos dias da semana fornecidos na tabela (Thursday–Wednesday) não coincidem com o calendário real de 17–23/03/2023; por isso a data explícita foi priorizada.
2023,PE,Olinda,PE - Olinda,Peixinho,Carnival,2023-03-20,4,Reference,Mitragynine,NPS,Triple Quadrupole,Quantification,Below LOD,,197005.34,0.3,-7.999,-34.86,Alcaloide indólico,,< LOD,0.3,Reference Week: 17–23/03/2023. Datas preenchidas pela sequência do período informado. Os nomes dos dias da semana fornecidos na tabela (Thursday–Wednesday) não coincidem com o calendário real de 17–23/03/2023; por isso a data explícita foi priorizada.
2023,PE,Recife,PE - Recife,Cabanga,Carnival,2023-03-21,5,Reference,Bromazolam,NPS,Triple Quadrupole,Quantification,Below LOD,,190211.67,0.01,-8.071,-34.884,Benzodiazepina,,< LOD,0.01,Reference Week: 17–23/03/2023. Datas preenchidas pela sequência do período informado. Os nomes dos dias da semana fornecidos na tabela (Thursday–Wednesday) não coincidem com o calendário real de 17–23/03/2023; por isso a data explícita foi priorizada.
2023,PE,Olinda,PE - Olinda,Peixinho,Carnival,2023-03-21,5,Reference,Bromazolam,NPS,Triple Quadrupole,Quantification,Below LOD,,197005.34,0.02,-7.999,-34.86,Benzodiazepina,,< LOD,0.02,Reference Week: 17–23/03/2023. Datas preenchidas pela sequência do período informado. Os nomes dos dias da semana fornecidos na tabela (Thursday–Wednesday) não coincidem com o calendário real de 17–23/03/2023; por isso a data explícita foi priorizada.
2023,PE,Recife,PE - Recife,Cabanga,Carnival,2023-03-21,5,Reference,Flubromazepam,NPS,Triple Quadrupole,Quantification,Detected,3.8,190211.67,0.33,-8.071,-34.884,Benzodiazepina,,3.8,0.33,Reference Week: 17–23/03/2023. Datas preenchidas pela sequência do período informado. Os nomes dos dias da semana fornecidos na tabela (Thursday–Wednesday) não coincidem com o calendário real de 17–23/03/2023; por isso a data explícita foi priorizada.
2023,PE,Olinda,PE - Olinda,Peixinho,Carnival,2023-03-21,5,Reference,Flubromazepam,NPS,Triple Quadrupole,Quantification,Detected,4.4,197005.34,0.66,-7.999,-34.86,Benzodiazepina,,4.4,0.66,Reference Week: 17–23/03/2023. Datas preenchidas pela sequência do período informado. Os nomes dos dias da semana fornecidos na tabela (Thursday–Wednesday) não coincidem com o calendário real de 17–23/03/2023; por isso a data explícita foi priorizada.
2023,PE,Recife,PE - Recife,Cabanga,Carnival,2023-03-21,5,Reference,Methcathinone,NPS,Triple Quadrupole,Quantification,Detected,60.4,190211.67,5.16,-8.071,-34.884,Catinona sintética,Estimulante,60.4,5.16,Reference Week: 17–23/03/2023. Datas preenchidas pela sequência do período informado. Os nomes dos dias da semana fornecidos na tabela (Thursday–Wednesday) não coincidem com o calendário real de 17–23/03/2023; por isso a data explícita foi priorizada.
2023,PE,Olinda,PE - Olinda,Peixinho,Carnival,2023-03-21,5,Reference,Methcathinone,NPS,Triple Quadrupole,Quantification,Detected,22.6,197005.34,3.39,-7.999,-34.86,Catinona sintética,Estimulante,22.6,3.39,Reference Week: 17–23/03/2023. Datas preenchidas pela sequência do período informado. Os nomes dos dias da semana fornecidos na tabela (Thursday–Wednesday) não coincidem com o calendário real de 17–23/03/2023; por isso a data explícita foi priorizada.
2023,PE,Recife,PE - Recife,Cabanga,Carnival,2023-03-21,5,Reference,Butylone,NPS,Triple Quadrupole,Quantification,Below LOD,,190211.67,0.01,-8.071,-34.884,Catinona sintética,Estimulante/entactógeno,< LOD,0.01,Reference Week: 17–23/03/2023. Datas preenchidas pela sequência do período informado. Os nomes dos dias da semana fornecidos na tabela (Thursday–Wednesday) não coincidem com o calendário real de 17–23/03/2023; por isso a data explícita foi priorizada.
2023,PE,Olinda,PE - Olinda,Peixinho,Carnival,2023-03-21,5,Reference,Butylone,NPS,Triple Quadrupole,Quantification,Below LOD,,197005.34,0.02,-7.999,-34.86,Catinona sintética,Estimulante/entactógeno,< LOD,0.02,Reference Week: 17–23/03/2023. Datas preenchidas pela sequência do período informado. Os nomes dos dias da semana fornecidos na tabela (Thursday–Wednesday) não coincidem com o calendário real de 17–23/03/2023; por isso a data explícita foi priorizada.
2023,PE,Recife,PE - Recife,Cabanga,Carnival,2023-03-21,5,Reference,Desalkylflurazepam,Metabolite,Triple Quadrupole,Quantification,Below LOD,,190211.67,0.05,-8.071,-34.884,Metabólito de benzodiazepínico,,< LOD,0.05,Reference Week: 17–23/03/2023. Datas preenchidas pela sequência do período informado. Os nomes dos dias da semana fornecidos na tabela (Thursday–Wednesday) não coincidem com o calendário real de 17–23/03/2023; por isso a data explícita foi priorizada.
2023,PE,Olinda,PE - Olinda,Peixinho,Carnival,2023-03-21,5,Reference,Desalkylflurazepam,Metabolite,Triple Quadrupole,Quantification,Below LOD,,197005.34,0.09,-7.999,-34.86,Metabólito de benzodiazepínico,,< LOD,0.09,Reference Week: 17–23/03/2023. Datas preenchidas pela sequência do período informado. Os nomes dos dias da semana fornecidos na tabela (Thursday–Wednesday) não coincidem com o calendário real de 17–23/03/2023; por isso a data explícita foi priorizada.
2023,PE,Recife,PE - Recife,Cabanga,Carnival,2023-03-21,5,Reference,Eutylone,NPS,Triple Quadrupole,Quantification,Below LOD,,190211.67,0.01,-8.071,-34.884,Catinona sintética,Estimulante/entactógeno,< LOD,0.01,Reference Week: 17–23/03/2023. Datas preenchidas pela sequência do período informado. Os nomes dos dias da semana fornecidos na tabela (Thursday–Wednesday) não coincidem com o calendário real de 17–23/03/2023; por isso a data explícita foi priorizada.
2023,PE,Olinda,PE - Olinda,Peixinho,Carnival,2023-03-21,5,Reference,Eutylone,NPS,Triple Quadrupole,Quantification,Below LOD,,197005.34,0.02,-7.999,-34.86,Catinona sintética,Estimulante/entactógeno,< LOD,0.02,Reference Week: 17–23/03/2023. Datas preenchidas pela sequência do período informado. Os nomes dos dias da semana fornecidos na tabela (Thursday–Wednesday) não coincidem com o calendário real de 17–23/03/2023; por isso a data explícita foi priorizada.
2023,PE,Recife,PE - Recife,Cabanga,Carnival,2023-03-21,5,Reference,Mitragynine,NPS,Triple Quadrupole,Quantification,Below LOD,,190211.67,0.17,-8.071,-34.884,Alcaloide indólico,,< LOD,0.17,Reference Week: 17–23/03/2023. Datas preenchidas pela sequência do período informado. Os nomes dos dias da semana fornecidos na tabela (Thursday–Wednesday) não coincidem com o calendário real de 17–23/03/2023; por isso a data explícita foi priorizada.
2023,PE,Olinda,PE - Olinda,Peixinho,Carnival,2023-03-21,5,Reference,Mitragynine,NPS,Triple Quadrupole,Quantification,Below LOD,,197005.34,0.29,-7.999,-34.86,Alcaloide indólico,,< LOD,0.29,Reference Week: 17–23/03/2023. Datas preenchidas pela sequência do período informado. Os nomes dos dias da semana fornecidos na tabela (Thursday–Wednesday) não coincidem com o calendário real de 17–23/03/2023; por isso a data explícita foi priorizada.
2023,PE,Recife,PE - Recife,Cabanga,Carnival,2023-03-22,6,Reference,Bromazolam,NPS,Triple Quadrupole,Quantification,Below LOD,,190211.67,0.01,-8.071,-34.884,Benzodiazepina,,< LOD,0.01,Reference Week: 17–23/03/2023. Datas preenchidas pela sequência do período informado. Os nomes dos dias da semana fornecidos na tabela (Thursday–Wednesday) não coincidem com o calendário real de 17–23/03/2023; por isso a data explícita foi priorizada.
2023,PE,Olinda,PE - Olinda,Peixinho,Carnival,2023-03-22,6,Reference,Bromazolam,NPS,Triple Quadrupole,Quantification,Below LOD,,197005.34,0.02,-7.999,-34.86,Benzodiazepina,,< LOD,0.02,Reference Week: 17–23/03/2023. Datas preenchidas pela sequência do período informado. Os nomes dos dias da semana fornecidos na tabela (Thursday–Wednesday) não coincidem com o calendário real de 17–23/03/2023; por isso a data explícita foi priorizada.
2023,PE,Recife,PE - Recife,Cabanga,Carnival,2023-03-22,6,Reference,Flubromazepam,NPS,Triple Quadrupole,Quantification,Detected,1.8,190211.67,0.13,-8.071,-34.884,Benzodiazepina,,1.8,0.13,Reference Week: 17–23/03/2023. Datas preenchidas pela sequência do período informado. Os nomes dos dias da semana fornecidos na tabela (Thursday–Wednesday) não coincidem com o calendário real de 17–23/03/2023; por isso a data explícita foi priorizada.
2023,PE,Olinda,PE - Olinda,Peixinho,Carnival,2023-03-22,6,Reference,Flubromazepam,NPS,Triple Quadrupole,Quantification,Detected,2.8,197005.34,0.45,-7.999,-34.86,Benzodiazepina,,2.8,0.45,Reference Week: 17–23/03/2023. Datas preenchidas pela sequência do período informado. Os nomes dos dias da semana fornecidos na tabela (Thursday–Wednesday) não coincidem com o calendário real de 17–23/03/2023; por isso a data explícita foi priorizada.
2023,PE,Recife,PE - Recife,Cabanga,Carnival,2023-03-22,6,Reference,Methcathinone,NPS,Triple Quadrupole,Quantification,Detected,52.2,190211.67,3.68,-8.071,-34.884,Catinona sintética,Estimulante,52.2,3.68,Reference Week: 17–23/03/2023. Datas preenchidas pela sequência do período informado. Os nomes dos dias da semana fornecidos na tabela (Thursday–Wednesday) não coincidem com o calendário real de 17–23/03/2023; por isso a data explícita foi priorizada.
2023,PE,Olinda,PE - Olinda,Peixinho,Carnival,2023-03-22,6,Reference,Methcathinone,NPS,Triple Quadrupole,Quantification,Detected,56.4,197005.34,9.02,-7.999,-34.86,Catinona sintética,Estimulante,56.4,9.02,Reference Week: 17–23/03/2023. Datas preenchidas pela sequência do período informado. Os nomes dos dias da semana fornecidos na tabela (Thursday–Wednesday) não coincidem com o calendário real de 17–23/03/2023; por isso a data explícita foi priorizada.
2023,PE,Recife,PE - Recife,Cabanga,Carnival,2023-03-22,6,Reference,Butylone,NPS,Triple Quadrupole,Quantification,Below LOD,,190211.67,0.01,-8.071,-34.884,Catinona sintética,Estimulante/entactógeno,< LOD,0.01,Reference Week: 17–23/03/2023. Datas preenchidas pela sequência do período informado. Os nomes dos dias da semana fornecidos na tabela (Thursday–Wednesday) não coincidem com o calendário real de 17–23/03/2023; por isso a data explícita foi priorizada.
2023,PE,Olinda,PE - Olinda,Peixinho,Carnival,2023-03-22,6,Reference,Butylone,NPS,Triple Quadrupole,Quantification,Below LOD,,197005.34,0.03,-7.999,-34.86,Catinona sintética,Estimulante/entactógeno,< LOD,0.03,Reference Week: 17–23/03/2023. Datas preenchidas pela sequência do período informado. Os nomes dos dias da semana fornecidos na tabela (Thursday–Wednesday) não coincidem com o calendário real de 17–23/03/2023; por isso a data explícita foi priorizada.
2023,PE,Recife,PE - Recife,Cabanga,Carnival,2023-03-22,6,Reference,Desalkylflurazepam,Metabolite,Triple Quadrupole,Quantification,Below LOD,,190211.67,0.04,-8.071,-34.884,Metabólito de benzodiazepínico,,< LOD,0.04,Reference Week: 17–23/03/2023. Datas preenchidas pela sequência do período informado. Os nomes dos dias da semana fornecidos na tabela (Thursday–Wednesday) não coincidem com o calendário real de 17–23/03/2023; por isso a data explícita foi priorizada.
2023,PE,Olinda,PE - Olinda,Peixinho,Carnival,2023-03-22,6,Reference,Desalkylflurazepam,Metabolite,Triple Quadrupole,Quantification,Below LOD,,197005.34,0.09,-7.999,-34.86,Metabólito de benzodiazepínico,,< LOD,0.09,Reference Week: 17–23/03/2023. Datas preenchidas pela sequência do período informado. Os nomes dos dias da semana fornecidos na tabela (Thursday–Wednesday) não coincidem com o calendário real de 17–23/03/2023; por isso a data explícita foi priorizada.
2023,PE,Recife,PE - Recife,Cabanga,Carnival,2023-03-22,6,Reference,Eutylone,NPS,Triple Quadrupole,Quantification,Below LOD,,190211.67,0.01,-8.071,-34.884,Catinona sintética,Estimulante/entactógeno,< LOD,0.01,Reference Week: 17–23/03/2023. Datas preenchidas pela sequência do período informado. Os nomes dos dias da semana fornecidos na tabela (Thursday–Wednesday) não coincidem com o calendário real de 17–23/03/2023; por isso a data explícita foi priorizada.
2023,PE,Olinda,PE - Olinda,Peixinho,Carnival,2023-03-22,6,Reference,Eutylone,NPS,Triple Quadrupole,Quantification,Below LOD,,197005.34,0.02,-7.999,-34.86,Catinona sintética,Estimulante/entactógeno,< LOD,0.02,Reference Week: 17–23/03/2023. Datas preenchidas pela sequência do período informado. Os nomes dos dias da semana fornecidos na tabela (Thursday–Wednesday) não coincidem com o calendário real de 17–23/03/2023; por isso a data explícita foi priorizada.
2023,PE,Recife,PE - Recife,Cabanga,Carnival,2023-03-22,6,Reference,Mitragynine,NPS,Triple Quadrupole,Quantification,Below LOD,,190211.67,0.14,-8.071,-34.884,Alcaloide indólico,,< LOD,0.14,Reference Week: 17–23/03/2023. Datas preenchidas pela sequência do período informado. Os nomes dos dias da semana fornecidos na tabela (Thursday–Wednesday) não coincidem com o calendário real de 17–23/03/2023; por isso a data explícita foi priorizada.
2023,PE,Olinda,PE - Olinda,Peixinho,Carnival,2023-03-22,6,Reference,Mitragynine,NPS,Triple Quadrupole,Quantification,Below LOD,,197005.34,0.31,-7.999,-34.86,Alcaloide indólico,,< LOD,0.31,Reference Week: 17–23/03/2023. Datas preenchidas pela sequência do período informado. Os nomes dos dias da semana fornecidos na tabela (Thursday–Wednesday) não coincidem com o calendário real de 17–23/03/2023; por isso a data explícita foi priorizada.
2023,PE,Recife,PE - Recife,Cabanga,Carnival,2023-03-23,7,Reference,Bromazolam,NPS,Triple Quadrupole,Quantification,Below LOD,,190211.67,0.01,-8.071,-34.884,Benzodiazepina,,< LOD,0.01,Reference Week: 17–23/03/2023. Datas preenchidas pela sequência do período informado. Os nomes dos dias da semana fornecidos na tabela (Thursday–Wednesday) não coincidem com o calendário real de 17–23/03/2023; por isso a data explícita foi priorizada.
2023,PE,Olinda,PE - Olinda,Peixinho,Carnival,2023-03-23,7,Reference,Bromazolam,NPS,Triple Quadrupole,Quantification,Below LOD,,197005.34,0.01,-7.999,-34.86,Benzodiazepina,,< LOD,0.01,Reference Week: 17–23/03/2023. Datas preenchidas pela sequência do período informado. Os nomes dos dias da semana fornecidos na tabela (Thursday–Wednesday) não coincidem com o calendário real de 17–23/03/2023; por isso a data explícita foi priorizada.
2023,PE,Recife,PE - Recife,Cabanga,Carnival,2023-03-23,7,Reference,Flubromazepam,NPS,Triple Quadrupole,Quantification,Detected,4.9,190211.67,0.68,-8.071,-34.884,Benzodiazepina,,4.9,0.68,Reference Week: 17–23/03/2023. Datas preenchidas pela sequência do período informado. Os nomes dos dias da semana fornecidos na tabela (Thursday–Wednesday) não coincidem com o calendário real de 17–23/03/2023; por isso a data explícita foi priorizada.
2023,PE,Olinda,PE - Olinda,Peixinho,Carnival,2023-03-23,7,Reference,Flubromazepam,NPS,Triple Quadrupole,Quantification,Detected,4.3,197005.34,0.57,-7.999,-34.86,Benzodiazepina,,4.3,0.57,Reference Week: 17–23/03/2023. Datas preenchidas pela sequência do período informado. Os nomes dos dias da semana fornecidos na tabela (Thursday–Wednesday) não coincidem com o calendário real de 17–23/03/2023; por isso a data explícita foi priorizada.
2023,PE,Recife,PE - Recife,Cabanga,Carnival,2023-03-23,7,Reference,Methcathinone,NPS,Triple Quadrupole,Quantification,Detected,44.1,190211.67,6,-8.071,-34.884,Catinona sintética,Estimulante,44.1,6.0,Reference Week: 17–23/03/2023. Datas preenchidas pela sequência do período informado. Os nomes dos dias da semana fornecidos na tabela (Thursday–Wednesday) não coincidem com o calendário real de 17–23/03/2023; por isso a data explícita foi priorizada.
2023,PE,Olinda,PE - Olinda,Peixinho,Carnival,2023-03-23,7,Reference,Methcathinone,NPS,Triple Quadrupole,Quantification,Detected,44.5,197005.34,5.92,-7.999,-34.86,Catinona sintética,Estimulante,44.5,5.92,Reference Week: 17–23/03/2023. Datas preenchidas pela sequência do período informado. Os nomes dos dias da semana fornecidos na tabela (Thursday–Wednesday) não coincidem com o calendário real de 17–23/03/2023; por isso a data explícita foi priorizada.
2023,PE,Recife,PE - Recife,Cabanga,Carnival,2023-03-23,7,Reference,Butylone,NPS,Triple Quadrupole,Quantification,Below LOD,,190211.67,0.02,-8.071,-34.884,Catinona sintética,Estimulante/entactógeno,< LOD,0.02,Reference Week: 17–23/03/2023. Datas preenchidas pela sequência do período informado. Os nomes dos dias da semana fornecidos na tabela (Thursday–Wednesday) não coincidem com o calendário real de 17–23/03/2023; por isso a data explícita foi priorizada.
2023,PE,Olinda,PE - Olinda,Peixinho,Carnival,2023-03-23,7,Reference,Butylone,NPS,Triple Quadrupole,Quantification,Below LOD,,197005.34,0.02,-7.999,-34.86,Catinona sintética,Estimulante/entactógeno,< LOD,0.02,Reference Week: 17–23/03/2023. Datas preenchidas pela sequência do período informado. Os nomes dos dias da semana fornecidos na tabela (Thursday–Wednesday) não coincidem com o calendário real de 17–23/03/2023; por isso a data explícita foi priorizada.
2023,PE,Recife,PE - Recife,Cabanga,Carnival,2023-03-23,7,Reference,Desalkylflurazepam,Metabolite,Triple Quadrupole,Quantification,Below LOD,,190211.67,0.08,-8.071,-34.884,Metabólito de benzodiazepínico,,< LOD,0.08,Reference Week: 17–23/03/2023. Datas preenchidas pela sequência do período informado. Os nomes dos dias da semana fornecidos na tabela (Thursday–Wednesday) não coincidem com o calendário real de 17–23/03/2023; por isso a data explícita foi priorizada.
2023,PE,Olinda,PE - Olinda,Peixinho,Carnival,2023-03-23,7,Reference,Desalkylflurazepam,Metabolite,Triple Quadrupole,Quantification,Below LOD,,197005.34,0.08,-7.999,-34.86,Metabólito de benzodiazepínico,,< LOD,0.08,Reference Week: 17–23/03/2023. Datas preenchidas pela sequência do período informado. Os nomes dos dias da semana fornecidos na tabela (Thursday–Wednesday) não coincidem com o calendário real de 17–23/03/2023; por isso a data explícita foi priorizada.
2023,PE,Recife,PE - Recife,Cabanga,Carnival,2023-03-23,7,Reference,Eutylone,NPS,Triple Quadrupole,Quantification,Below LOD,,190211.67,0.01,-8.071,-34.884,Catinona sintética,Estimulante/entactógeno,< LOD,0.01,Reference Week: 17–23/03/2023. Datas preenchidas pela sequência do período informado. Os nomes dos dias da semana fornecidos na tabela (Thursday–Wednesday) não coincidem com o calendário real de 17–23/03/2023; por isso a data explícita foi priorizada.
2023,PE,Olinda,PE - Olinda,Peixinho,Carnival,2023-03-23,7,Reference,Eutylone,NPS,Triple Quadrupole,Quantification,Below LOD,,197005.34,0.01,-7.999,-34.86,Catinona sintética,Estimulante/entactógeno,< LOD,0.01,Reference Week: 17–23/03/2023. Datas preenchidas pela sequência do período informado. Os nomes dos dias da semana fornecidos na tabela (Thursday–Wednesday) não coincidem com o calendário real de 17–23/03/2023; por isso a data explícita foi priorizada.
2023,PE,Recife,PE - Recife,Cabanga,Carnival,2023-03-23,7,Reference,Mitragynine,NPS,Triple Quadrupole,Quantification,Below LOD,,190211.67,0.26,-8.071,-34.884,Alcaloide indólico,,< LOD,0.26,Reference Week: 17–23/03/2023. Datas preenchidas pela sequência do período informado. Os nomes dos dias da semana fornecidos na tabela (Thursday–Wednesday) não coincidem com o calendário real de 17–23/03/2023; por isso a data explícita foi priorizada.
2023,PE,Olinda,PE - Olinda,Peixinho,Carnival,2023-03-23,7,Reference,Mitragynine,NPS,Triple Quadrupole,Quantification,Below LOD,,197005.34,0.26,-7.999,-34.86,Alcaloide indólico,,< LOD,0.26,Reference Week: 17–23/03/2023. Datas preenchidas pela sequência do período informado. Os nomes dos dias da semana fornecidos na tabela (Thursday–Wednesday) não coincidem com o calendário real de 17–23/03/2023; por isso a data explícita foi priorizada.
2023,PE,Recife,PE - Recife,Cabanga,Carnival,2023-02-17,1,During,Bromazolam,NPS,Triple Quadrupole,Quantification,Below LOD,,128604.65,0.02,-8.071,-34.884,Benzodiazepina,,< LOD,0.02,Carnival period: 17–23/02/2023. Datas preenchidas pela sequência do período informado. Os nomes dos dias da semana fornecidos na tabela (Thursday–Wednesday) não coincidem com o calendário real de 17–23/02/2023; por isso a data explícita foi priorizada.
2023,PE,Olinda,PE - Olinda,Peixinho,Carnival,2023-02-17,1,During,Bromazolam,NPS,Triple Quadrupole,Quantification,Below LOD,,135084.926,0.02,-7.999,-34.86,Benzodiazepina,,< LOD,0.02,Carnival period: 17–23/02/2023. Datas preenchidas pela sequência do período informado. Os nomes dos dias da semana fornecidos na tabela (Thursday–Wednesday) não coincidem com o calendário real de 17–23/02/2023; por isso a data explícita foi priorizada.
2023,PE,Recife,PE - Recife,Cabanga,Carnival,2023-02-17,1,During,Flubromazepam,NPS,Triple Quadrupole,Quantification,Below LOD,,128604.65,0.03,-8.071,-34.884,Benzodiazepina,,< LOD,0.03,Carnival period: 17–23/02/2023. Datas preenchidas pela sequência do período informado. Os nomes dos dias da semana fornecidos na tabela (Thursday–Wednesday) não coincidem com o calendário real de 17–23/02/2023; por isso a data explícita foi priorizada.
2023,PE,Olinda,PE - Olinda,Peixinho,Carnival,2023-02-17,1,During,Flubromazepam,NPS,Triple Quadrupole,Quantification,Below LOD,,135084.926,0.03,-7.999,-34.86,Benzodiazepina,,< LOD,0.03,Carnival period: 17–23/02/2023. Datas preenchidas pela sequência do período informado. Os nomes dos dias da semana fornecidos na tabela (Thursday–Wednesday) não coincidem com o calendário real de 17–23/02/2023; por isso a data explícita foi priorizada.
2023,PE,Recife,PE - Recife,Cabanga,Carnival,2023-02-17,1,During,Methcathinone,NPS,Triple Quadrupole,Quantification,Detected,194.1,128604.65,31.83,-8.071,-34.884,Catinona sintética,Estimulante,194.1,31.83,Carnival period: 17–23/02/2023. Datas preenchidas pela sequência do período informado. Os nomes dos dias da semana fornecidos na tabela (Thursday–Wednesday) não coincidem com o calendário real de 17–23/02/2023; por isso a data explícita foi priorizada.
2023,PE,Olinda,PE - Olinda,Peixinho,Carnival,2023-02-17,1,During,Methcathinone,NPS,Triple Quadrupole,Quantification,Detected,180.3,135084.926,36.33,-7.999,-34.86,Catinona sintética,Estimulante,180.3,36.33,Carnival period: 17–23/02/2023. Datas preenchidas pela sequência do período informado. Os nomes dos dias da semana fornecidos na tabela (Thursday–Wednesday) não coincidem com o calendário real de 17–23/02/2023; por isso a data explícita foi priorizada.
2023,PE,Recife,PE - Recife,Cabanga,Carnival,2023-02-17,1,During,Butylone,NPS,Triple Quadrupole,Quantification,Below LOD,,128604.65,0.03,-8.071,-34.884,Catinona sintética,Estimulante/entactógeno,< LOD,0.03,Carnival period: 17–23/02/2023. Datas preenchidas pela sequência do período informado. Os nomes dos dias da semana fornecidos na tabela (Thursday–Wednesday) não coincidem com o calendário real de 17–23/02/2023; por isso a data explícita foi priorizada.
2023,PE,Olinda,PE - Olinda,Peixinho,Carnival,2023-02-17,1,During,Butylone,NPS,Triple Quadrupole,Quantification,Below LOD,,135084.926,0.03,-7.999,-34.86,Catinona sintética,Estimulante/entactógeno,< LOD,0.03,Carnival period: 17–23/02/2023. Datas preenchidas pela sequência do período informado. Os nomes dos dias da semana fornecidos na tabela (Thursday–Wednesday) não coincidem com o calendário real de 17–23/02/2023; por isso a data explícita foi priorizada.
2023,PE,Recife,PE - Recife,Cabanga,Carnival,2023-02-17,1,During,Desalkylflurazepam,Metabolite,Triple Quadrupole,Quantification,Detected,2.8,128604.65,0.45,-8.071,-34.884,Metabólito de benzodiazepínico,,2.8,0.45,Carnival period: 17–23/02/2023. Datas preenchidas pela sequência do período informado. Os nomes dos dias da semana fornecidos na tabela (Thursday–Wednesday) não coincidem com o calendário real de 17–23/02/2023; por isso a data explícita foi priorizada.
2023,PE,Olinda,PE - Olinda,Peixinho,Carnival,2023-02-17,1,During,Desalkylflurazepam,Metabolite,Triple Quadrupole,Quantification,Detected,0.9,135084.926,0.18,-7.999,-34.86,Metabólito de benzodiazepínico,,0.9,0.18,Carnival period: 17–23/02/2023. Datas preenchidas pela sequência do período informado. Os nomes dos dias da semana fornecidos na tabela (Thursday–Wednesday) não coincidem com o calendário real de 17–23/02/2023; por isso a data explícita foi priorizada.
2023,PE,Recife,PE - Recife,Cabanga,Carnival,2023-02-17,1,During,Eutylone,NPS,Triple Quadrupole,Quantification,Below LOD,,128604.65,0.02,-8.071,-34.884,Catinona sintética,Estimulante/entactógeno,< LOD,0.02,Carnival period: 17–23/02/2023. Datas preenchidas pela sequência do período informado. Os nomes dos dias da semana fornecidos na tabela (Thursday–Wednesday) não coincidem com o calendário real de 17–23/02/2023; por isso a data explícita foi priorizada.
2023,PE,Olinda,PE - Olinda,Peixinho,Carnival,2023-02-17,1,During,Eutylone,NPS,Triple Quadrupole,Quantification,Below LOD,,135084.926,0.02,-7.999,-34.86,Catinona sintética,Estimulante/entactógeno,< LOD,0.02,Carnival period: 17–23/02/2023. Datas preenchidas pela sequência do período informado. Os nomes dos dias da semana fornecidos na tabela (Thursday–Wednesday) não coincidem com o calendário real de 17–23/02/2023; por isso a data explícita foi priorizada.
2023,PE,Recife,PE - Recife,Cabanga,Carnival,2023-02-17,1,During,Mitragynine,NPS,Triple Quadrupole,Quantification,Detected,135.5,128604.65,22.23,-8.071,-34.884,Alcaloide indólico,,135.5,22.23,Carnival period: 17–23/02/2023. Datas preenchidas pela sequência do período informado. Os nomes dos dias da semana fornecidos na tabela (Thursday–Wednesday) não coincidem com o calendário real de 17–23/02/2023; por isso a data explícita foi priorizada.
2023,PE,Olinda,PE - Olinda,Peixinho,Carnival,2023-02-17,1,During,Mitragynine,NPS,Triple Quadrupole,Quantification,Below LOD,,135084.926,0.39,-7.999,-34.86,Alcaloide indólico,,< LOD,0.39,Carnival period: 17–23/02/2023. Datas preenchidas pela sequência do período informado. Os nomes dos dias da semana fornecidos na tabela (Thursday–Wednesday) não coincidem com o calendário real de 17–23/02/2023; por isso a data explícita foi priorizada.
2023,PE,Recife,PE - Recife,Cabanga,Carnival,2023-02-18,2,During,Bromazolam,NPS,Triple Quadrupole,Quantification,Below LOD,,128604.65,0.01,-8.071,-34.884,Benzodiazepina,,< LOD,0.01,Carnival period: 17–23/02/2023. Datas preenchidas pela sequência do período informado. Os nomes dos dias da semana fornecidos na tabela (Thursday–Wednesday) não coincidem com o calendário real de 17–23/02/2023; por isso a data explícita foi priorizada.
2023,PE,Olinda,PE - Olinda,Peixinho,Carnival,2023-02-18,2,During,Bromazolam,NPS,Triple Quadrupole,Quantification,Below LOD,,135084.926,0.02,-7.999,-34.86,Benzodiazepina,,< LOD,0.02,Carnival period: 17–23/02/2023. Datas preenchidas pela sequência do período informado. Os nomes dos dias da semana fornecidos na tabela (Thursday–Wednesday) não coincidem com o calendário real de 17–23/02/2023; por isso a data explícita foi priorizada.
2023,PE,Recife,PE - Recife,Cabanga,Carnival,2023-02-18,2,During,Flubromazepam,NPS,Triple Quadrupole,Quantification,Below LOD,,128604.65,0.01,-8.071,-34.884,Benzodiazepina,,< LOD,0.01,Carnival period: 17–23/02/2023. Datas preenchidas pela sequência do período informado. Os nomes dos dias da semana fornecidos na tabela (Thursday–Wednesday) não coincidem com o calendário real de 17–23/02/2023; por isso a data explícita foi priorizada.
2023,PE,Olinda,PE - Olinda,Peixinho,Carnival,2023-02-18,2,During,Flubromazepam,NPS,Triple Quadrupole,Quantification,Below LOD,,135084.926,0.03,-7.999,-34.86,Benzodiazepina,,< LOD,0.03,Carnival period: 17–23/02/2023. Datas preenchidas pela sequência do período informado. Os nomes dos dias da semana fornecidos na tabela (Thursday–Wednesday) não coincidem com o calendário real de 17–23/02/2023; por isso a data explícita foi priorizada.
2023,PE,Recife,PE - Recife,Cabanga,Carnival,2023-02-18,2,During,Methcathinone,NPS,Triple Quadrupole,Quantification,Detected,77.4,128604.65,6.4,-8.071,-34.884,Catinona sintética,Estimulante,77.4,6.4,Carnival period: 17–23/02/2023. Datas preenchidas pela sequência do período informado. Os nomes dos dias da semana fornecidos na tabela (Thursday–Wednesday) não coincidem com o calendário real de 17–23/02/2023; por isso a data explícita foi priorizada.
2023,PE,Olinda,PE - Olinda,Peixinho,Carnival,2023-02-18,2,During,Methcathinone,NPS,Triple Quadrupole,Quantification,Detected,111,135084.926,18.35,-7.999,-34.86,Catinona sintética,Estimulante,111.0,18.35,Carnival period: 17–23/02/2023. Datas preenchidas pela sequência do período informado. Os nomes dos dias da semana fornecidos na tabela (Thursday–Wednesday) não coincidem com o calendário real de 17–23/02/2023; por isso a data explícita foi priorizada.
2023,PE,Recife,PE - Recife,Cabanga,Carnival,2023-02-18,2,During,Butylone,NPS,Triple Quadrupole,Quantification,Below LOD,,128604.65,0.01,-8.071,-34.884,Catinona sintética,Estimulante/entactógeno,< LOD,0.01,Carnival period: 17–23/02/2023. Datas preenchidas pela sequência do período informado. Os nomes dos dias da semana fornecidos na tabela (Thursday–Wednesday) não coincidem com o calendário real de 17–23/02/2023; por isso a data explícita foi priorizada.
2023,PE,Olinda,PE - Olinda,Peixinho,Carnival,2023-02-18,2,During,Butylone,NPS,Triple Quadrupole,Quantification,Below LOD,,135084.926,0.03,-7.999,-34.86,Catinona sintética,Estimulante/entactógeno,< LOD,0.03,Carnival period: 17–23/02/2023. Datas preenchidas pela sequência do período informado. Os nomes dos dias da semana fornecidos na tabela (Thursday–Wednesday) não coincidem com o calendário real de 17–23/02/2023; por isso a data explícita foi priorizada.
2023,PE,Recife,PE - Recife,Cabanga,Carnival,2023-02-18,2,During,Desalkylflurazepam,Metabolite,Triple Quadrupole,Quantification,Detected,1.8,128604.65,0.15,-8.071,-34.884,Metabólito de benzodiazepínico,,1.8,0.15,Carnival period: 17–23/02/2023. Datas preenchidas pela sequência do período informado. Os nomes dos dias da semana fornecidos na tabela (Thursday–Wednesday) não coincidem com o calendário real de 17–23/02/2023; por isso a data explícita foi priorizada.
2023,PE,Olinda,PE - Olinda,Peixinho,Carnival,2023-02-18,2,During,Desalkylflurazepam,Metabolite,Triple Quadrupole,Quantification,Detected,0.6,135084.926,0.1,-7.999,-34.86,Metabólito de benzodiazepínico,,0.6,0.1,Carnival period: 17–23/02/2023. Datas preenchidas pela sequência do período informado. Os nomes dos dias da semana fornecidos na tabela (Thursday–Wednesday) não coincidem com o calendário real de 17–23/02/2023; por isso a data explícita foi priorizada.
2023,PE,Recife,PE - Recife,Cabanga,Carnival,2023-02-18,2,During,Eutylone,NPS,Triple Quadrupole,Quantification,Below LOD,,128604.65,0.01,-8.071,-34.884,Catinona sintética,Estimulante/entactógeno,< LOD,0.01,Carnival period: 17–23/02/2023. Datas preenchidas pela sequência do período informado. Os nomes dos dias da semana fornecidos na tabela (Thursday–Wednesday) não coincidem com o calendário real de 17–23/02/2023; por isso a data explícita foi priorizada.
2023,PE,Olinda,PE - Olinda,Peixinho,Carnival,2023-02-18,2,During,Eutylone,NPS,Triple Quadrupole,Quantification,Below LOD,,135084.926,0.02,-7.999,-34.86,Catinona sintética,Estimulante/entactógeno,< LOD,0.02,Carnival period: 17–23/02/2023. Datas preenchidas pela sequência do período informado. Os nomes dos dias da semana fornecidos na tabela (Thursday–Wednesday) não coincidem com o calendário real de 17–23/02/2023; por isso a data explícita foi priorizada.
2023,PE,Recife,PE - Recife,Cabanga,Carnival,2023-02-18,2,During,Mitragynine,NPS,Triple Quadrupole,Quantification,Detected,99.7,128604.65,8.25,-8.071,-34.884,Alcaloide indólico,,99.7,8.25,Carnival period: 17–23/02/2023. Datas preenchidas pela sequência do período informado. Os nomes dos dias da semana fornecidos na tabela (Thursday–Wednesday) não coincidem com o calendário real de 17–23/02/2023; por isso a data explícita foi priorizada.
2023,PE,Olinda,PE - Olinda,Peixinho,Carnival,2023-02-18,2,During,Mitragynine,NPS,Triple Quadrupole,Quantification,Below LOD,,135084.926,0.32,-7.999,-34.86,Alcaloide indólico,,< LOD,0.32,Carnival period: 17–23/02/2023. Datas preenchidas pela sequência do período informado. Os nomes dos dias da semana fornecidos na tabela (Thursday–Wednesday) não coincidem com o calendário real de 17–23/02/2023; por isso a data explícita foi priorizada.
2023,PE,Recife,PE - Recife,Cabanga,Carnival,2023-02-19,3,During,Bromazolam,NPS,Triple Quadrupole,Quantification,Below LOD,,128604.65,0.01,-8.071,-34.884,Benzodiazepina,,< LOD,0.01,Carnival period: 17–23/02/2023. Datas preenchidas pela sequência do período informado. Os nomes dos dias da semana fornecidos na tabela (Thursday–Wednesday) não coincidem com o calendário real de 17–23/02/2023; por isso a data explícita foi priorizada.
2023,PE,Olinda,PE - Olinda,Peixinho,Carnival,2023-02-19,3,During,Bromazolam,NPS,Triple Quadrupole,Quantification,Below LOD,,135084.926,0.02,-7.999,-34.86,Benzodiazepina,,< LOD,0.02,Carnival period: 17–23/02/2023. Datas preenchidas pela sequência do período informado. Os nomes dos dias da semana fornecidos na tabela (Thursday–Wednesday) não coincidem com o calendário real de 17–23/02/2023; por isso a data explícita foi priorizada.
2023,PE,Recife,PE - Recife,Cabanga,Carnival,2023-02-19,3,During,Flubromazepam,NPS,Triple Quadrupole,Quantification,Below LOD,,128604.65,0.02,-8.071,-34.884,Benzodiazepina,,< LOD,0.02,Carnival period: 17–23/02/2023. Datas preenchidas pela sequência do período informado. Os nomes dos dias da semana fornecidos na tabela (Thursday–Wednesday) não coincidem com o calendário real de 17–23/02/2023; por isso a data explícita foi priorizada.
2023,PE,Olinda,PE - Olinda,Peixinho,Carnival,2023-02-19,3,During,Flubromazepam,NPS,Triple Quadrupole,Quantification,Below LOD,,135084.926,0.03,-7.999,-34.86,Benzodiazepina,,< LOD,0.03,Carnival period: 17–23/02/2023. Datas preenchidas pela sequência do período informado. Os nomes dos dias da semana fornecidos na tabela (Thursday–Wednesday) não coincidem com o calendário real de 17–23/02/2023; por isso a data explícita foi priorizada.
2023,PE,Recife,PE - Recife,Cabanga,Carnival,2023-02-19,3,During,Methcathinone,NPS,Triple Quadrupole,Quantification,Detected,43.7,128604.65,6.14,-8.071,-34.884,Catinona sintética,Estimulante,43.7,6.14,Carnival period: 17–23/02/2023. Datas preenchidas pela sequência do período informado. Os nomes dos dias da semana fornecidos na tabela (Thursday–Wednesday) não coincidem com o calendário real de 17–23/02/2023; por isso a data explícita foi priorizada.
2023,PE,Olinda,PE - Olinda,Peixinho,Carnival,2023-02-19,3,During,Methcathinone,NPS,Triple Quadrupole,Quantification,Detected,91.1,135084.926,15.3,-7.999,-34.86,Catinona sintética,Estimulante,91.1,15.3,Carnival period: 17–23/02/2023. Datas preenchidas pela sequência do período informado. Os nomes dos dias da semana fornecidos na tabela (Thursday–Wednesday) não coincidem com o calendário real de 17–23/02/2023; por isso a data explícita foi priorizada.
2023,PE,Recife,PE - Recife,Cabanga,Carnival,2023-02-19,3,During,Butylone,NPS,Triple Quadrupole,Quantification,Below LOD,,128604.65,0.02,-8.071,-34.884,Catinona sintética,Estimulante/entactógeno,< LOD,0.02,Carnival period: 17–23/02/2023. Datas preenchidas pela sequência do período informado. Os nomes dos dias da semana fornecidos na tabela (Thursday–Wednesday) não coincidem com o calendário real de 17–23/02/2023; por isso a data explícita foi priorizada.
2023,PE,Olinda,PE - Olinda,Peixinho,Carnival,2023-02-19,3,During,Butylone,NPS,Triple Quadrupole,Quantification,Below LOD,,135084.926,0.03,-7.999,-34.86,Catinona sintética,Estimulante/entactógeno,< LOD,0.03,Carnival period: 17–23/02/2023. Datas preenchidas pela sequência do período informado. Os nomes dos dias da semana fornecidos na tabela (Thursday–Wednesday) não coincidem com o calendário real de 17–23/02/2023; por isso a data explícita foi priorizada.
2023,PE,Recife,PE - Recife,Cabanga,Carnival,2023-02-19,3,During,Desalkylflurazepam,Metabolite,Triple Quadrupole,Quantification,Detected,3.1,128604.65,0.44,-8.071,-34.884,Metabólito de benzodiazepínico,,3.1,0.44,Carnival period: 17–23/02/2023. Datas preenchidas pela sequência do período informado. Os nomes dos dias da semana fornecidos na tabela (Thursday–Wednesday) não coincidem com o calendário real de 17–23/02/2023; por isso a data explícita foi priorizada.
2023,PE,Olinda,PE - Olinda,Peixinho,Carnival,2023-02-19,3,During,Desalkylflurazepam,Metabolite,Triple Quadrupole,Quantification,Detected,1.5,135084.926,0.25,-7.999,-34.86,Metabólito de benzodiazepínico,,1.5,0.25,Carnival period: 17–23/02/2023. Datas preenchidas pela sequência do período informado. Os nomes dos dias da semana fornecidos na tabela (Thursday–Wednesday) não coincidem com o calendário real de 17–23/02/2023; por isso a data explícita foi priorizada.
2023,PE,Recife,PE - Recife,Cabanga,Carnival,2023-02-19,3,During,Eutylone,NPS,Triple Quadrupole,Quantification,Below LOD,,128604.65,0.01,-8.071,-34.884,Catinona sintética,Estimulante/entactógeno,< LOD,0.01,Carnival period: 17–23/02/2023. Datas preenchidas pela sequência do período informado. Os nomes dos dias da semana fornecidos na tabela (Thursday–Wednesday) não coincidem com o calendário real de 17–23/02/2023; por isso a data explícita foi priorizada.
2023,PE,Olinda,PE - Olinda,Peixinho,Carnival,2023-02-19,3,During,Eutylone,NPS,Triple Quadrupole,Quantification,Below LOD,,135084.926,0.02,-7.999,-34.86,Catinona sintética,Estimulante/entactógeno,< LOD,0.02,Carnival period: 17–23/02/2023. Datas preenchidas pela sequência do período informado. Os nomes dos dias da semana fornecidos na tabela (Thursday–Wednesday) não coincidem com o calendário real de 17–23/02/2023; por isso a data explícita foi priorizada.
2023,PE,Recife,PE - Recife,Cabanga,Carnival,2023-02-19,3,During,Mitragynine,NPS,Triple Quadrupole,Quantification,Below LOD,,128604.65,0.27,-8.071,-34.884,Alcaloide indólico,,< LOD,0.27,Carnival period: 17–23/02/2023. Datas preenchidas pela sequência do período informado. Os nomes dos dias da semana fornecidos na tabela (Thursday–Wednesday) não coincidem com o calendário real de 17–23/02/2023; por isso a data explícita foi priorizada.
2023,PE,Olinda,PE - Olinda,Peixinho,Carnival,2023-02-19,3,During,Mitragynine,NPS,Triple Quadrupole,Quantification,Detected,374.7,135084.926,62.94,-7.999,-34.86,Alcaloide indólico,,374.7,62.94,Carnival period: 17–23/02/2023. Datas preenchidas pela sequência do período informado. Os nomes dos dias da semana fornecidos na tabela (Thursday–Wednesday) não coincidem com o calendário real de 17–23/02/2023; por isso a data explícita foi priorizada.
2023,PE,Recife,PE - Recife,Cabanga,Carnival,2023-02-20,4,During,Bromazolam,NPS,Triple Quadrupole,Quantification,Below LOD,,128604.65,0.01,-8.071,-34.884,Benzodiazepina,,< LOD,0.01,Carnival period: 17–23/02/2023. Datas preenchidas pela sequência do período informado. Os nomes dos dias da semana fornecidos na tabela (Thursday–Wednesday) não coincidem com o calendário real de 17–23/02/2023; por isso a data explícita foi priorizada.
2023,PE,Olinda,PE - Olinda,Peixinho,Carnival,2023-02-20,4,During,Bromazolam,NPS,Triple Quadrupole,Quantification,Below LOD,,135084.926,0.02,-7.999,-34.86,Benzodiazepina,,< LOD,0.02,Carnival period: 17–23/02/2023. Datas preenchidas pela sequência do período informado. Os nomes dos dias da semana fornecidos na tabela (Thursday–Wednesday) não coincidem com o calendário real de 17–23/02/2023; por isso a data explícita foi priorizada.
2023,PE,Recife,PE - Recife,Cabanga,Carnival,2023-02-20,4,During,Flubromazepam,NPS,Triple Quadrupole,Quantification,Below LOD,,128604.65,0.02,-8.071,-34.884,Benzodiazepina,,< LOD,0.02,Carnival period: 17–23/02/2023. Datas preenchidas pela sequência do período informado. Os nomes dos dias da semana fornecidos na tabela (Thursday–Wednesday) não coincidem com o calendário real de 17–23/02/2023; por isso a data explícita foi priorizada.
2023,PE,Olinda,PE - Olinda,Peixinho,Carnival,2023-02-20,4,During,Flubromazepam,NPS,Triple Quadrupole,Quantification,Below LOD,,135084.926,0.03,-7.999,-34.86,Benzodiazepina,,< LOD,0.03,Carnival period: 17–23/02/2023. Datas preenchidas pela sequência do período informado. Os nomes dos dias da semana fornecidos na tabela (Thursday–Wednesday) não coincidem com o calendário real de 17–23/02/2023; por isso a data explícita foi priorizada.
2023,PE,Recife,PE - Recife,Cabanga,Carnival,2023-02-20,4,During,Methcathinone,NPS,Triple Quadrupole,Quantification,Detected,74.8,128604.65,7.26,-8.071,-34.884,Catinona sintética,Estimulante,74.8,7.26,Carnival period: 17–23/02/2023. Datas preenchidas pela sequência do período informado. Os nomes dos dias da semana fornecidos na tabela (Thursday–Wednesday) não coincidem com o calendário real de 17–23/02/2023; por isso a data explícita foi priorizada.
2023,PE,Olinda,PE - Olinda,Peixinho,Carnival,2023-02-20,4,During,Methcathinone,NPS,Triple Quadrupole,Quantification,Detected,74.3,135084.926,13.45,-7.999,-34.86,Catinona sintética,Estimulante,74.3,13.45,Carnival period: 17–23/02/2023. Datas preenchidas pela sequência do período informado. Os nomes dos dias da semana fornecidos na tabela (Thursday–Wednesday) não coincidem com o calendário real de 17–23/02/2023; por isso a data explícita foi priorizada.
2023,PE,Recife,PE - Recife,Cabanga,Carnival,2023-02-20,4,During,Butylone,NPS,Triple Quadrupole,Quantification,Below LOD,,128604.65,0.02,-8.071,-34.884,Catinona sintética,Estimulante/entactógeno,< LOD,0.02,Carnival period: 17–23/02/2023. Datas preenchidas pela sequência do período informado. Os nomes dos dias da semana fornecidos na tabela (Thursday–Wednesday) não coincidem com o calendário real de 17–23/02/2023; por isso a data explícita foi priorizada.
2023,PE,Olinda,PE - Olinda,Peixinho,Carnival,2023-02-20,4,During,Butylone,NPS,Triple Quadrupole,Quantification,Detected,19.05,135084.926,3.45,-7.999,-34.86,Catinona sintética,Estimulante/entactógeno,19.05,3.45,Carnival period: 17–23/02/2023. Datas preenchidas pela sequência do período informado. Os nomes dos dias da semana fornecidos na tabela (Thursday–Wednesday) não coincidem com o calendário real de 17–23/02/2023; por isso a data explícita foi priorizada.
2023,PE,Recife,PE - Recife,Cabanga,Carnival,2023-02-20,4,During,Desalkylflurazepam,Metabolite,Triple Quadrupole,Quantification,Detected,1.5,128604.65,0.14,-8.071,-34.884,Metabólito de benzodiazepínico,,1.5,0.14,Carnival period: 17–23/02/2023. Datas preenchidas pela sequência do período informado. Os nomes dos dias da semana fornecidos na tabela (Thursday–Wednesday) não coincidem com o calendário real de 17–23/02/2023; por isso a data explícita foi priorizada.
2023,PE,Olinda,PE - Olinda,Peixinho,Carnival,2023-02-20,4,During,Desalkylflurazepam,Metabolite,Triple Quadrupole,Quantification,Detected,0.8,135084.926,0.15,-7.999,-34.86,Metabólito de benzodiazepínico,,0.8,0.15,Carnival period: 17–23/02/2023. Datas preenchidas pela sequência do período informado. Os nomes dos dias da semana fornecidos na tabela (Thursday–Wednesday) não coincidem com o calendário real de 17–23/02/2023; por isso a data explícita foi priorizada.
2023,PE,Recife,PE - Recife,Cabanga,Carnival,2023-02-20,4,During,Eutylone,NPS,Triple Quadrupole,Quantification,Below LOD,,128604.65,0.01,-8.071,-34.884,Catinona sintética,Estimulante/entactógeno,< LOD,0.01,Carnival period: 17–23/02/2023. Datas preenchidas pela sequência do período informado. Os nomes dos dias da semana fornecidos na tabela (Thursday–Wednesday) não coincidem com o calendário real de 17–23/02/2023; por isso a data explícita foi priorizada.
2023,PE,Olinda,PE - Olinda,Peixinho,Carnival,2023-02-20,4,During,Eutylone,NPS,Triple Quadrupole,Quantification,Below LOD,,135084.926,0.02,-7.999,-34.86,Catinona sintética,Estimulante/entactógeno,< LOD,0.02,Carnival period: 17–23/02/2023. Datas preenchidas pela sequência do período informado. Os nomes dos dias da semana fornecidos na tabela (Thursday–Wednesday) não coincidem com o calendário real de 17–23/02/2023; por isso a data explícita foi priorizada.
2023,PE,Recife,PE - Recife,Cabanga,Carnival,2023-02-20,4,During,Mitragynine,NPS,Triple Quadrupole,Quantification,Below LOD,,128604.65,0.19,-8.071,-34.884,Alcaloide indólico,,< LOD,0.19,Carnival period: 17–23/02/2023. Datas preenchidas pela sequência do período informado. Os nomes dos dias da semana fornecidos na tabela (Thursday–Wednesday) não coincidem com o calendário real de 17–23/02/2023; por isso a data explícita foi priorizada.
2023,PE,Olinda,PE - Olinda,Peixinho,Carnival,2023-02-20,4,During,Mitragynine,NPS,Triple Quadrupole,Quantification,Detected,84.8,135084.926,15.35,-7.999,-34.86,Alcaloide indólico,,84.8,15.35,Carnival period: 17–23/02/2023. Datas preenchidas pela sequência do período informado. Os nomes dos dias da semana fornecidos na tabela (Thursday–Wednesday) não coincidem com o calendário real de 17–23/02/2023; por isso a data explícita foi priorizada.
2023,PE,Recife,PE - Recife,Cabanga,Carnival,2023-02-21,5,During,Bromazolam,NPS,Triple Quadrupole,Quantification,Below LOD,,128604.65,0.03,-8.071,-34.884,Benzodiazepina,,< LOD,0.03,Carnival period: 17–23/02/2023. Datas preenchidas pela sequência do período informado. Os nomes dos dias da semana fornecidos na tabela (Thursday–Wednesday) não coincidem com o calendário real de 17–23/02/2023; por isso a data explícita foi priorizada.
2023,PE,Olinda,PE - Olinda,Peixinho,Carnival,2023-02-21,5,During,Bromazolam,NPS,Triple Quadrupole,Quantification,Below LOD,,135084.926,0.01,-7.999,-34.86,Benzodiazepina,,< LOD,0.01,Carnival period: 17–23/02/2023. Datas preenchidas pela sequência do período informado. Os nomes dos dias da semana fornecidos na tabela (Thursday–Wednesday) não coincidem com o calendário real de 17–23/02/2023; por isso a data explícita foi priorizada.
2023,PE,Recife,PE - Recife,Cabanga,Carnival,2023-02-21,5,During,Flubromazepam,NPS,Triple Quadrupole,Quantification,Below LOD,,128604.65,0.04,-8.071,-34.884,Benzodiazepina,,< LOD,0.04,Carnival period: 17–23/02/2023. Datas preenchidas pela sequência do período informado. Os nomes dos dias da semana fornecidos na tabela (Thursday–Wednesday) não coincidem com o calendário real de 17–23/02/2023; por isso a data explícita foi priorizada.
2023,PE,Olinda,PE - Olinda,Peixinho,Carnival,2023-02-21,5,During,Flubromazepam,NPS,Triple Quadrupole,Quantification,Below LOD,,135084.926,0.03,-7.999,-34.86,Benzodiazepina,,< LOD,0.03,Carnival period: 17–23/02/2023. Datas preenchidas pela sequência do período informado. Os nomes dos dias da semana fornecidos na tabela (Thursday–Wednesday) não coincidem com o calendário real de 17–23/02/2023; por isso a data explícita foi priorizada.
2023,PE,Recife,PE - Recife,Cabanga,Carnival,2023-02-21,5,During,Methcathinone,NPS,Triple Quadrupole,Quantification,Detected,38.3,128604.65,9.96,-8.071,-34.884,Catinona sintética,Estimulante,38.3,9.96,Carnival period: 17–23/02/2023. Datas preenchidas pela sequência do período informado. Os nomes dos dias da semana fornecidos na tabela (Thursday–Wednesday) não coincidem com o calendário real de 17–23/02/2023; por isso a data explícita foi priorizada.
2023,PE,Olinda,PE - Olinda,Peixinho,Carnival,2023-02-21,5,During,Methcathinone,NPS,Triple Quadrupole,Quantification,Detected,127.1,135084.926,18.25,-7.999,-34.86,Catinona sintética,Estimulante,127.1,18.25,Carnival period: 17–23/02/2023. Datas preenchidas pela sequência do período informado. Os nomes dos dias da semana fornecidos na tabela (Thursday–Wednesday) não coincidem com o calendário real de 17–23/02/2023; por isso a data explícita foi priorizada.
2023,PE,Recife,PE - Recife,Cabanga,Carnival,2023-02-21,5,During,Butylone,NPS,Triple Quadrupole,Quantification,Below LOD,,128604.65,0.04,-8.071,-34.884,Catinona sintética,Estimulante/entactógeno,< LOD,0.04,Carnival period: 17–23/02/2023. Datas preenchidas pela sequência do período informado. Os nomes dos dias da semana fornecidos na tabela (Thursday–Wednesday) não coincidem com o calendário real de 17–23/02/2023; por isso a data explícita foi priorizada.
2023,PE,Olinda,PE - Olinda,Peixinho,Carnival,2023-02-21,5,During,Butylone,NPS,Triple Quadrupole,Quantification,Detected,2.01,135084.926,0.29,-7.999,-34.86,Catinona sintética,Estimulante/entactógeno,2.01,0.29,Carnival period: 17–23/02/2023. Datas preenchidas pela sequência do período informado. Os nomes dos dias da semana fornecidos na tabela (Thursday–Wednesday) não coincidem com o calendário real de 17–23/02/2023; por isso a data explícita foi priorizada.
2023,PE,Recife,PE - Recife,Cabanga,Carnival,2023-02-21,5,During,Desalkylflurazepam,Metabolite,Triple Quadrupole,Quantification,Detected,2.9,128604.65,0.75,-8.071,-34.884,Metabólito de benzodiazepínico,,2.9,0.75,Carnival period: 17–23/02/2023. Datas preenchidas pela sequência do período informado. Os nomes dos dias da semana fornecidos na tabela (Thursday–Wednesday) não coincidem com o calendário real de 17–23/02/2023; por isso a data explícita foi priorizada.
2023,PE,Olinda,PE - Olinda,Peixinho,Carnival,2023-02-21,5,During,Desalkylflurazepam,Metabolite,Triple Quadrupole,Quantification,Detected,1.3,135084.926,0.18,-7.999,-34.86,Metabólito de benzodiazepínico,,1.3,0.18,Carnival period: 17–23/02/2023. Datas preenchidas pela sequência do período informado. Os nomes dos dias da semana fornecidos na tabela (Thursday–Wednesday) não coincidem com o calendário real de 17–23/02/2023; por isso a data explícita foi priorizada.
2023,PE,Recife,PE - Recife,Cabanga,Carnival,2023-02-21,5,During,Eutylone,NPS,Triple Quadrupole,Quantification,Below LOD,,128604.65,0.03,-8.071,-34.884,Catinona sintética,Estimulante/entactógeno,< LOD,0.03,Carnival period: 17–23/02/2023. Datas preenchidas pela sequência do período informado. Os nomes dos dias da semana fornecidos na tabela (Thursday–Wednesday) não coincidem com o calendário real de 17–23/02/2023; por isso a data explícita foi priorizada.
2023,PE,Olinda,PE - Olinda,Peixinho,Carnival,2023-02-21,5,During,Eutylone,NPS,Triple Quadrupole,Quantification,Detected,2.8,135084.926,0.4,-7.999,-34.86,Catinona sintética,Estimulante/entactógeno,2.8,0.4,Carnival period: 17–23/02/2023. Datas preenchidas pela sequência do período informado. Os nomes dos dias da semana fornecidos na tabela (Thursday–Wednesday) não coincidem com o calendário real de 17–23/02/2023; por isso a data explícita foi priorizada.
2023,PE,Recife,PE - Recife,Cabanga,Carnival,2023-02-21,5,During,Mitragynine,NPS,Triple Quadrupole,Quantification,Below LOD,,128604.65,0.5,-8.071,-34.884,Alcaloide indólico,,< LOD,0.5,Carnival period: 17–23/02/2023. Datas preenchidas pela sequência do período informado. Os nomes dos dias da semana fornecidos na tabela (Thursday–Wednesday) não coincidem com o calendário real de 17–23/02/2023; por isso a data explícita foi priorizada.
2023,PE,Olinda,PE - Olinda,Peixinho,Carnival,2023-02-21,5,During,Mitragynine,NPS,Triple Quadrupole,Quantification,Detected,240.5,135084.926,34.54,-7.999,-34.86,Alcaloide indólico,,240.5,34.54,Carnival period: 17–23/02/2023. Datas preenchidas pela sequência do período informado. Os nomes dos dias da semana fornecidos na tabela (Thursday–Wednesday) não coincidem com o calendário real de 17–23/02/2023; por isso a data explícita foi priorizada.
2023,PE,Recife,PE - Recife,Cabanga,Carnival,2023-02-22,6,During,Bromazolam,NPS,Triple Quadrupole,Quantification,Below LOD,,128604.65,0.02,-8.071,-34.884,Benzodiazepina,,< LOD,0.02,Carnival period: 17–23/02/2023. Datas preenchidas pela sequência do período informado. Os nomes dos dias da semana fornecidos na tabela (Thursday–Wednesday) não coincidem com o calendário real de 17–23/02/2023; por isso a data explícita foi priorizada.
2023,PE,Olinda,PE - Olinda,Peixinho,Carnival,2023-02-22,6,During,Bromazolam,NPS,Triple Quadrupole,Quantification,Below LOD,,135084.926,0.02,-7.999,-34.86,Benzodiazepina,,< LOD,0.02,Carnival period: 17–23/02/2023. Datas preenchidas pela sequência do período informado. Os nomes dos dias da semana fornecidos na tabela (Thursday–Wednesday) não coincidem com o calendário real de 17–23/02/2023; por isso a data explícita foi priorizada.
2023,PE,Recife,PE - Recife,Cabanga,Carnival,2023-02-22,6,During,Flubromazepam,NPS,Triple Quadrupole,Quantification,Below LOD,,128604.65,0.04,-8.071,-34.884,Benzodiazepina,,< LOD,0.04,Carnival period: 17–23/02/2023. Datas preenchidas pela sequência do período informado. Os nomes dos dias da semana fornecidos na tabela (Thursday–Wednesday) não coincidem com o calendário real de 17–23/02/2023; por isso a data explícita foi priorizada.
2023,PE,Olinda,PE - Olinda,Peixinho,Carnival,2023-02-22,6,During,Flubromazepam,NPS,Triple Quadrupole,Quantification,Below LOD,,135084.926,0.03,-7.999,-34.86,Benzodiazepina,,< LOD,0.03,Carnival period: 17–23/02/2023. Datas preenchidas pela sequência do período informado. Os nomes dos dias da semana fornecidos na tabela (Thursday–Wednesday) não coincidem com o calendário real de 17–23/02/2023; por isso a data explícita foi priorizada.
2023,PE,Recife,PE - Recife,Cabanga,Carnival,2023-02-22,6,During,Methcathinone,NPS,Triple Quadrupole,Quantification,Detected,30.9,128604.65,6.45,-8.071,-34.884,Catinona sintética,Estimulante,30.9,6.45,Carnival period: 17–23/02/2023. Datas preenchidas pela sequência do período informado. Os nomes dos dias da semana fornecidos na tabela (Thursday–Wednesday) não coincidem com o calendário real de 17–23/02/2023; por isso a data explícita foi priorizada.
2023,PE,Olinda,PE - Olinda,Peixinho,Carnival,2023-02-22,6,During,Methcathinone,NPS,Triple Quadrupole,Quantification,Detected,31,135084.926,5.91,-7.999,-34.86,Catinona sintética,Estimulante,31.0,5.91,Carnival period: 17–23/02/2023. Datas preenchidas pela sequência do período informado. Os nomes dos dias da semana fornecidos na tabela (Thursday–Wednesday) não coincidem com o calendário real de 17–23/02/2023; por isso a data explícita foi priorizada.
2023,PE,Recife,PE - Recife,Cabanga,Carnival,2023-02-22,6,During,Butylone,NPS,Triple Quadrupole,Quantification,Below LOD,,128604.65,0.03,-8.071,-34.884,Catinona sintética,Estimulante/entactógeno,< LOD,0.03,Carnival period: 17–23/02/2023. Datas preenchidas pela sequência do período informado. Os nomes dos dias da semana fornecidos na tabela (Thursday–Wednesday) não coincidem com o calendário real de 17–23/02/2023; por isso a data explícita foi priorizada.
2023,PE,Olinda,PE - Olinda,Peixinho,Carnival,2023-02-22,6,During,Butylone,NPS,Triple Quadrupole,Quantification,Below LOD,,135084.926,0.03,-7.999,-34.86,Catinona sintética,Estimulante/entactógeno,< LOD,0.03,Carnival period: 17–23/02/2023. Datas preenchidas pela sequência do período informado. Os nomes dos dias da semana fornecidos na tabela (Thursday–Wednesday) não coincidem com o calendário real de 17–23/02/2023; por isso a data explícita foi priorizada.
2023,PE,Recife,PE - Recife,Cabanga,Carnival,2023-02-22,6,During,Desalkylflurazepam,Metabolite,Triple Quadrupole,Quantification,Detected,2.1,128604.65,0.43,-8.071,-34.884,Metabólito de benzodiazepínico,,2.1,0.43,Carnival period: 17–23/02/2023. Datas preenchidas pela sequência do período informado. Os nomes dos dias da semana fornecidos na tabela (Thursday–Wednesday) não coincidem com o calendário real de 17–23/02/2023; por isso a data explícita foi priorizada.
2023,PE,Olinda,PE - Olinda,Peixinho,Carnival,2023-02-22,6,During,Desalkylflurazepam,Metabolite,Triple Quadrupole,Quantification,Detected,0.5,135084.926,0.1,-7.999,-34.86,Metabólito de benzodiazepínico,,0.5,0.1,Carnival period: 17–23/02/2023. Datas preenchidas pela sequência do período informado. Os nomes dos dias da semana fornecidos na tabela (Thursday–Wednesday) não coincidem com o calendário real de 17–23/02/2023; por isso a data explícita foi priorizada.
2023,PE,Recife,PE - Recife,Cabanga,Carnival,2023-02-22,6,During,Eutylone,NPS,Triple Quadrupole,Quantification,Below LOD,,128604.65,0.02,-8.071,-34.884,Catinona sintética,Estimulante/entactógeno,< LOD,0.02,Carnival period: 17–23/02/2023. Datas preenchidas pela sequência do período informado. Os nomes dos dias da semana fornecidos na tabela (Thursday–Wednesday) não coincidem com o calendário real de 17–23/02/2023; por isso a data explícita foi priorizada.
2023,PE,Olinda,PE - Olinda,Peixinho,Carnival,2023-02-22,6,During,Eutylone,NPS,Triple Quadrupole,Quantification,Below LOD,,135084.926,0.02,-7.999,-34.86,Catinona sintética,Estimulante/entactógeno,< LOD,0.02,Carnival period: 17–23/02/2023. Datas preenchidas pela sequência do período informado. Os nomes dos dias da semana fornecidos na tabela (Thursday–Wednesday) não coincidem com o calendário real de 17–23/02/2023; por isso a data explícita foi priorizada.
2023,PE,Recife,PE - Recife,Cabanga,Carnival,2023-02-22,6,During,Mitragynine,NPS,Triple Quadrupole,Quantification,Below LOD,,128604.65,0.41,-8.071,-34.884,Alcaloide indólico,,< LOD,0.41,Carnival period: 17–23/02/2023. Datas preenchidas pela sequência do período informado. Os nomes dos dias da semana fornecidos na tabela (Thursday–Wednesday) não coincidem com o calendário real de 17–23/02/2023; por isso a data explícita foi priorizada.
2023,PE,Olinda,PE - Olinda,Peixinho,Carnival,2023-02-22,6,During,Mitragynine,NPS,Triple Quadrupole,Quantification,Below LOD,,135084.926,0.37,-7.999,-34.86,Alcaloide indólico,,< LOD,0.37,Carnival period: 17–23/02/2023. Datas preenchidas pela sequência do período informado. Os nomes dos dias da semana fornecidos na tabela (Thursday–Wednesday) não coincidem com o calendário real de 17–23/02/2023; por isso a data explícita foi priorizada.
2023,PE,Recife,PE - Recife,Cabanga,Carnival,2023-02-23,7,During,Bromazolam,NPS,Triple Quadrupole,Quantification,Below LOD,,128604.65,0.04,-8.071,-34.884,Benzodiazepina,,< LOD,0.04,Carnival period: 17–23/02/2023. Datas preenchidas pela sequência do período informado. Os nomes dos dias da semana fornecidos na tabela (Thursday–Wednesday) não coincidem com o calendário real de 17–23/02/2023; por isso a data explícita foi priorizada.
2023,PE,Olinda,PE - Olinda,Peixinho,Carnival,2023-02-23,7,During,Bromazolam,NPS,Triple Quadrupole,Quantification,Below LOD,,135084.926,0.01,-7.999,-34.86,Benzodiazepina,,< LOD,0.01,Carnival period: 17–23/02/2023. Datas preenchidas pela sequência do período informado. Os nomes dos dias da semana fornecidos na tabela (Thursday–Wednesday) não coincidem com o calendário real de 17–23/02/2023; por isso a data explícita foi priorizada.
2023,PE,Recife,PE - Recife,Cabanga,Carnival,2023-02-23,7,During,Flubromazepam,NPS,Triple Quadrupole,Quantification,Below LOD,,128604.65,0.06,-8.071,-34.884,Benzodiazepina,,< LOD,0.06,Carnival period: 17–23/02/2023. Datas preenchidas pela sequência do período informado. Os nomes dos dias da semana fornecidos na tabela (Thursday–Wednesday) não coincidem com o calendário real de 17–23/02/2023; por isso a data explícita foi priorizada.
2023,PE,Olinda,PE - Olinda,Peixinho,Carnival,2023-02-23,7,During,Flubromazepam,NPS,Triple Quadrupole,Quantification,Below LOD,,135084.926,0.01,-7.999,-34.86,Benzodiazepina,,< LOD,0.01,Carnival period: 17–23/02/2023. Datas preenchidas pela sequência do período informado. Os nomes dos dias da semana fornecidos na tabela (Thursday–Wednesday) não coincidem com o calendário real de 17–23/02/2023; por isso a data explícita foi priorizada.
2023,PE,Recife,PE - Recife,Cabanga,Carnival,2023-02-23,7,During,Methcathinone,NPS,Triple Quadrupole,Quantification,Detected,69.3,128604.65,24.38,-8.071,-34.884,Catinona sintética,Estimulante,69.3,24.38,Carnival period: 17–23/02/2023. Datas preenchidas pela sequência do período informado. Os nomes dos dias da semana fornecidos na tabela (Thursday–Wednesday) não coincidem com o calendário real de 17–23/02/2023; por isso a data explícita foi priorizada.
2023,PE,Olinda,PE - Olinda,Peixinho,Carnival,2023-02-23,7,During,Methcathinone,NPS,Triple Quadrupole,Quantification,Detected,65.7,135084.926,1.69,-7.999,-34.86,Catinona sintética,Estimulante,65.7,1.69,Carnival period: 17–23/02/2023. Datas preenchidas pela sequência do período informado. Os nomes dos dias da semana fornecidos na tabela (Thursday–Wednesday) não coincidem com o calendário real de 17–23/02/2023; por isso a data explícita foi priorizada.
2023,PE,Recife,PE - Recife,Cabanga,Carnival,2023-02-23,7,During,Butylone,NPS,Triple Quadrupole,Quantification,Below LOD,,128604.65,0.06,-8.071,-34.884,Catinona sintética,Estimulante/entactógeno,< LOD,0.06,Carnival period: 17–23/02/2023. Datas preenchidas pela sequência do período informado. Os nomes dos dias da semana fornecidos na tabela (Thursday–Wednesday) não coincidem com o calendário real de 17–23/02/2023; por isso a data explícita foi priorizada.
2023,PE,Olinda,PE - Olinda,Peixinho,Carnival,2023-02-23,7,During,Butylone,NPS,Triple Quadrupole,Quantification,Below LOD,,135084.926,,-7.999,-34.86,Catinona sintética,Estimulante/entactógeno,< LOD,<0.01,Carnival period: 17–23/02/2023. Datas preenchidas pela sequência do período informado. Os nomes dos dias da semana fornecidos na tabela (Thursday–Wednesday) não coincidem com o calendário real de 17–23/02/2023; por isso a data explícita foi priorizada.
2023,PE,Recife,PE - Recife,Cabanga,Carnival,2023-02-23,7,During,Desalkylflurazepam,Metabolite,Triple Quadrupole,Quantification,Detected,3.5,128604.65,1.24,-8.071,-34.884,Metabólito de benzodiazepínico,,3.5,1.24,Carnival period: 17–23/02/2023. Datas preenchidas pela sequência do período informado. Os nomes dos dias da semana fornecidos na tabela (Thursday–Wednesday) não coincidem com o calendário real de 17–23/02/2023; por isso a data explícita foi priorizada.
2023,PE,Olinda,PE - Olinda,Peixinho,Carnival,2023-02-23,7,During,Desalkylflurazepam,Metabolite,Triple Quadrupole,Quantification,Detected,0.6,135084.926,0.02,-7.999,-34.86,Metabólito de benzodiazepínico,,0.6,0.02,Carnival period: 17–23/02/2023. Datas preenchidas pela sequência do período informado. Os nomes dos dias da semana fornecidos na tabela (Thursday–Wednesday) não coincidem com o calendário real de 17–23/02/2023; por isso a data explícita foi priorizada.
2023,PE,Recife,PE - Recife,Cabanga,Carnival,2023-02-23,7,During,Eutylone,NPS,Triple Quadrupole,Quantification,Below LOD,,128604.65,0.04,-8.071,-34.884,Catinona sintética,Estimulante/entactógeno,< LOD,0.04,Carnival period: 17–23/02/2023. Datas preenchidas pela sequência do período informado. Os nomes dos dias da semana fornecidos na tabela (Thursday–Wednesday) não coincidem com o calendário real de 17–23/02/2023; por isso a data explícita foi priorizada.
2023,PE,Olinda,PE - Olinda,Peixinho,Carnival,2023-02-23,7,During,Eutylone,NPS,Triple Quadrupole,Quantification,Below LOD,,135084.926,,-7.999,-34.86,Catinona sintética,Estimulante/entactógeno,< LOD,<0.01,Carnival period: 17–23/02/2023. Datas preenchidas pela sequência do período informado. Os nomes dos dias da semana fornecidos na tabela (Thursday–Wednesday) não coincidem com o calendário real de 17–23/02/2023; por isso a data explícita foi priorizada.
2023,PE,Recife,PE - Recife,Cabanga,Carnival,2023-02-23,7,During,Mitragynine,NPS,Triple Quadrupole,Quantification,Below LOD,,128604.65,0.68,-8.071,-34.884,Alcaloide indólico,,< LOD,0.68,Carnival period: 17–23/02/2023. Datas preenchidas pela sequência do período informado. Os nomes dos dias da semana fornecidos na tabela (Thursday–Wednesday) não coincidem com o calendário real de 17–23/02/2023; por isso a data explícita foi priorizada.
2023,PE,Olinda,PE - Olinda,Peixinho,Carnival,2023-02-23,7,During,Mitragynine,NPS,Triple Quadrupole,Quantification,Below LOD,,135084.926,0.05,-7.999,-34.86,Alcaloide indólico,,< LOD,0.05,Carnival period: 17–23/02/2023. Datas preenchidas pela sequência do período informado. Os nomes dos dias da semana fornecidos na tabela (Thursday–Wednesday) não coincidem com o calendário real de 17–23/02/2023; por isso a data explícita foi priorizada.
2025,PE,Caruaru,PE - Caruaru,Rendeiras,Sao Joao,2025-06-18,1,During,Clonazolam,NPS,Triple Quadrupole,Quantification,Below LOD,,160000,,,,Benzodiazepina,Sedativo/ansiolítico,<LOD,,População média informada para São João em Caruaru: 160000 habitantes.
2025,PE,Caruaru,PE - Caruaru,Rendeiras,Sao Joao,2025-06-18,1,During,Desalkylflurazepam,Metabolite,Triple Quadrupole,Quantification,Below LOD,,160000,,,,Metabólito de benzodiazepínico,,<LOD,,População média informada para São João em Caruaru: 160000 habitantes.
2025,PE,Caruaru,PE - Caruaru,Rendeiras,Sao Joao,2025-06-18,1,During,Methcathinone,NPS,Triple Quadrupole,Quantification,Detected,2.51,160000,0.039584,,,Catinona sintética,Estimulante,2.51,0.039584,População média informada para São João em Caruaru: 160000 habitantes.
2025,PE,Caruaru,PE - Caruaru,Rendeiras,Sao Joao,2025-06-18,1,During,Phenibut,NPS,Triple Quadrupole,Quantification,Detected,4.33,160000,0.06842293,,,Análogo de GABA,Depressor do SNC,4.33,0.06842293,População média informada para São João em Caruaru: 160000 habitantes.
2025,PE,Caruaru,PE - Caruaru,Rendeiras,Sao Joao,2025-06-19,2,During,Clonazolam,NPS,Triple Quadrupole,Quantification,Below LOD,,160000,,,,Benzodiazepina,Sedativo/ansiolítico,<LOD,,População média informada para São João em Caruaru: 160000 habitantes.
2025,PE,Caruaru,PE - Caruaru,Rendeiras,Sao Joao,2025-06-19,2,During,Desalkylflurazepam,Metabolite,Triple Quadrupole,Quantification,Below LOD,,160000,,,,Metabólito de benzodiazepínico,,<LOD,,População média informada para São João em Caruaru: 160000 habitantes.
2025,PE,Caruaru,PE - Caruaru,Rendeiras,Sao Joao,2025-06-19,2,During,Methcathinone,NPS,Triple Quadrupole,Quantification,Detected,2.26,160000,0.035662,,,Catinona sintética,Estimulante,2.26,0.035662,População média informada para São João em Caruaru: 160000 habitantes.
2025,PE,Caruaru,PE - Caruaru,Rendeiras,Sao Joao,2025-06-19,2,During,Phenibut,NPS,Triple Quadrupole,Quantification,Below LOD,,160000,0.00853311,,,Análogo de GABA,Depressor do SNC,<LOD,0.00853311,População média informada para São João em Caruaru: 160000 habitantes.
2025,PE,Caruaru,PE - Caruaru,Rendeiras,Sao Joao,2025-06-20,3,During,Clonazolam,NPS,Triple Quadrupole,Quantification,Below LOD,,160000,,,,Benzodiazepina,Sedativo/ansiolítico,<LOD,,População média informada para São João em Caruaru: 160000 habitantes.
2025,PE,Caruaru,PE - Caruaru,Rendeiras,Sao Joao,2025-06-20,3,During,Desalkylflurazepam,Metabolite,Triple Quadrupole,Quantification,Below LOD,,160000,,,,Metabólito de benzodiazepínico,,<LOD,,População média informada para São João em Caruaru: 160000 habitantes.
2025,PE,Caruaru,PE - Caruaru,Rendeiras,Sao Joao,2025-06-20,3,During,Methcathinone,NPS,Triple Quadrupole,Quantification,Detected,3.61,160000,0.057008,,,Catinona sintética,Estimulante,3.61,0.057008,População média informada para São João em Caruaru: 160000 habitantes.
2025,PE,Caruaru,PE - Caruaru,Rendeiras,Sao Joao,2025-06-20,3,During,Phenibut,NPS,Triple Quadrupole,Quantification,Below LOD,,160000,0.00853311,,,Análogo de GABA,Depressor do SNC,<LOD,0.00853311,População média informada para São João em Caruaru: 160000 habitantes.
2025,PE,Caruaru,PE - Caruaru,Rendeiras,Sao Joao,2025-06-21,4,During,Clonazolam,NPS,Triple Quadrupole,Quantification,Below LOD,,160000,,,,Benzodiazepina,Sedativo/ansiolítico,<LOD,,População média informada para São João em Caruaru: 160000 habitantes.
2025,PE,Caruaru,PE - Caruaru,Rendeiras,Sao Joao,2025-06-21,4,During,Desalkylflurazepam,Metabolite,Triple Quadrupole,Quantification,Below LOD,,160000,,,,Metabólito de benzodiazepínico,,<LOD,,População média informada para São João em Caruaru: 160000 habitantes.
2025,PE,Caruaru,PE - Caruaru,Rendeiras,Sao Joao,2025-06-21,4,During,Methcathinone,NPS,Triple Quadrupole,Quantification,Detected,3.35,160000,0.052919,,,Catinona sintética,Estimulante,3.35,0.052919,População média informada para São João em Caruaru: 160000 habitantes.
2025,PE,Caruaru,PE - Caruaru,Rendeiras,Sao Joao,2025-06-21,4,During,Phenibut,NPS,Triple Quadrupole,Quantification,Below LOD,,160000,0.00853311,,,Análogo de GABA,Depressor do SNC,<LOD,0.00853311,População média informada para São João em Caruaru: 160000 habitantes.
2025,PE,Caruaru,PE - Caruaru,Rendeiras,Sao Joao,2025-06-22,5,During,Clonazolam,NPS,Triple Quadrupole,Quantification,Below LOD,,160000,,,,Benzodiazepina,Sedativo/ansiolítico,<LOD,,População média informada para São João em Caruaru: 160000 habitantes.
2025,PE,Caruaru,PE - Caruaru,Rendeiras,Sao Joao,2025-06-22,5,During,Desalkylflurazepam,Metabolite,Triple Quadrupole,Quantification,Below LOD,,160000,,,,Metabólito de benzodiazepínico,,<LOD,,População média informada para São João em Caruaru: 160000 habitantes.
2025,PE,Caruaru,PE - Caruaru,Rendeiras,Sao Joao,2025-06-22,5,During,Methcathinone,NPS,Triple Quadrupole,Quantification,Detected,7.21,160000,0.113864,,,Catinona sintética,Estimulante,7.21,0.113864,População média informada para São João em Caruaru: 160000 habitantes.
2025,PE,Caruaru,PE - Caruaru,Rendeiras,Sao Joao,2025-06-22,5,During,Phenibut,NPS,Triple Quadrupole,Quantification,Below LOD,,160000,0.00853311,,,Análogo de GABA,Depressor do SNC,<LOD,0.00853311,População média informada para São João em Caruaru: 160000 habitantes.
2025,PE,Caruaru,PE - Caruaru,Rendeiras,Sao Joao,2025-06-23,6,During,Clonazolam,NPS,Triple Quadrupole,Quantification,Below LOD,,160000,,,,Benzodiazepina,Sedativo/ansiolítico,<LOD,,População média informada para São João em Caruaru: 160000 habitantes.
2025,PE,Caruaru,PE - Caruaru,Rendeiras,Sao Joao,2025-06-23,6,During,Desalkylflurazepam,Metabolite,Triple Quadrupole,Quantification,Below LOD,,160000,,,,Metabólito de benzodiazepínico,,<LOD,,População média informada para São João em Caruaru: 160000 habitantes.
2025,PE,Caruaru,PE - Caruaru,Rendeiras,Sao Joao,2025-06-23,6,During,Methcathinone,NPS,Triple Quadrupole,Quantification,Detected,3.68,160000,0.058086,,,Catinona sintética,Estimulante,3.68,0.058086,População média informada para São João em Caruaru: 160000 habitantes.
2025,PE,Caruaru,PE - Caruaru,Rendeiras,Sao Joao,2025-06-23,6,During,Phenibut,NPS,Triple Quadrupole,Quantification,Below LOD,,160000,0.00853311,,,Análogo de GABA,Depressor do SNC,<LOD,0.00853311,População média informada para São João em Caruaru: 160000 habitantes.
2025,PE,Caruaru,PE - Caruaru,Rendeiras,Sao Joao,2025-06-24,7,During,Clonazolam,NPS,Triple Quadrupole,Quantification,Below LOD,,160000,,,,Benzodiazepina,Sedativo/ansiolítico,<LOD,,População média informada para São João em Caruaru: 160000 habitantes.
2025,PE,Caruaru,PE - Caruaru,Rendeiras,Sao Joao,2025-06-24,7,During,Desalkylflurazepam,Metabolite,Triple Quadrupole,Quantification,Below LOD,,160000,,,,Metabólito de benzodiazepínico,,<LOD,,População média informada para São João em Caruaru: 160000 habitantes.
2025,PE,Caruaru,PE - Caruaru,Rendeiras,Sao Joao,2025-06-24,7,During,Methcathinone,NPS,Triple Quadrupole,Quantification,Detected,2.77,160000,0.043706,,,Catinona sintética,Estimulante,2.77,0.043706,População média informada para São João em Caruaru: 160000 habitantes.
2025,PE,Caruaru,PE - Caruaru,Rendeiras,Sao Joao,2025-06-24,7,During,Phenibut,NPS,Triple Quadrupole,Quantification,Below LOD,,160000,0.00853311,,,Análogo de GABA,Depressor do SNC,<LOD,0.00853311,População média informada para São João em Caruaru: 160000 habitantes.
2025,PE,Recife,PE - Recife,Cabanga,New Year,2025-12-26,1,During,Clonazolam,NPS,Triple Quadrupole,Quantification,Detected,5.96,234200.33,1.45,-8.071,-34.884,Benzodiazepina,Sedativo/ansiolítico,5.96,1.45,População média de 234200.33 hab associada ao Ano Novo/Recife no arquivo; confirmar associação antes da publicação.
2025,PE,Recife,PE - Recife,Cabanga,New Year,2025-12-26,1,During,Desalkylflurazepam,Metabolite,Triple Quadrupole,Quantification,Detected,0.43,234200.33,0.1,-8.071,-34.884,Metabólito de benzodiazepínico,,0.43,0.1,População média de 234200.33 hab associada ao Ano Novo/Recife no arquivo; confirmar associação antes da publicação.
2025,PE,Recife,PE - Recife,Cabanga,New Year,2025-12-26,1,During,Methcathinone,NPS,Triple Quadrupole,Quantification,Detected,5.8,234200.33,1.42,-8.071,-34.884,Catinona sintética,Estimulante,5.8,1.42,População média de 234200.33 hab associada ao Ano Novo/Recife no arquivo; confirmar associação antes da publicação.
2025,PE,Recife,PE - Recife,Cabanga,New Year,2025-12-26,1,During,Phenibut,NPS,Triple Quadrupole,Quantification,Detected,0.25,234200.33,0.06,-8.071,-34.884,Análogo de GABA,Depressor do SNC,0.25,0.06,População média de 234200.33 hab associada ao Ano Novo/Recife no arquivo; confirmar associação antes da publicação.
2025,PE,Recife,PE - Recife,Cabanga,New Year,2025-12-27,2,During,Clonazolam,NPS,Triple Quadrupole,Quantification,Below LOD,,234200.33,0.3,-8.071,-34.884,Benzodiazepina,Sedativo/ansiolítico,<LOD,0.3,População média de 234200.33 hab associada ao Ano Novo/Recife no arquivo; confirmar associação antes da publicação.
2025,PE,Recife,PE - Recife,Cabanga,New Year,2025-12-27,2,During,Desalkylflurazepam,Metabolite,Triple Quadrupole,Quantification,Detected,1.39,234200.33,0.34,-8.071,-34.884,Metabólito de benzodiazepínico,,1.39,0.34,População média de 234200.33 hab associada ao Ano Novo/Recife no arquivo; confirmar associação antes da publicação.
2025,PE,Recife,PE - Recife,Cabanga,New Year,2025-12-27,2,During,Methcathinone,NPS,Triple Quadrupole,Quantification,Detected,1.08,234200.33,0.26,-8.071,-34.884,Catinona sintética,Estimulante,1.08,0.26,População média de 234200.33 hab associada ao Ano Novo/Recife no arquivo; confirmar associação antes da publicação.
2025,PE,Recife,PE - Recife,Cabanga,New Year,2025-12-27,2,During,Phenibut,NPS,Triple Quadrupole,Quantification,Detected,0.16,234200.33,0.04,-8.071,-34.884,Análogo de GABA,Depressor do SNC,0.16,0.04,População média de 234200.33 hab associada ao Ano Novo/Recife no arquivo; confirmar associação antes da publicação.
2025,PE,Recife,PE - Recife,Cabanga,New Year,2025-12-28,3,During,Clonazolam,NPS,Triple Quadrupole,Quantification,Below LOD,,234200.33,0.34,-8.071,-34.884,Benzodiazepina,Sedativo/ansiolítico,<LOD,0.34,População média de 234200.33 hab associada ao Ano Novo/Recife no arquivo; confirmar associação antes da publicação.
2025,PE,Recife,PE - Recife,Cabanga,New Year,2025-12-28,3,During,Desalkylflurazepam,Metabolite,Triple Quadrupole,Quantification,Detected,3.64,234200.33,0.99,-8.071,-34.884,Metabólito de benzodiazepínico,,3.64,0.99,População média de 234200.33 hab associada ao Ano Novo/Recife no arquivo; confirmar associação antes da publicação.
2025,PE,Recife,PE - Recife,Cabanga,New Year,2025-12-28,3,During,Methcathinone,NPS,Triple Quadrupole,Quantification,Detected,1.61,234200.33,0.44,-8.071,-34.884,Catinona sintética,Estimulante,1.61,0.44,População média de 234200.33 hab associada ao Ano Novo/Recife no arquivo; confirmar associação antes da publicação.
2025,PE,Recife,PE - Recife,Cabanga,New Year,2025-12-28,3,During,Phenibut,NPS,Triple Quadrupole,Quantification,Detected,0.34,234200.33,0.08,-8.071,-34.884,Análogo de GABA,Depressor do SNC,0.34,0.08,População média de 234200.33 hab associada ao Ano Novo/Recife no arquivo; confirmar associação antes da publicação.
2025,PE,Recife,PE - Recife,Cabanga,New Year,2025-12-29,4,During,Clonazolam,NPS,Triple Quadrupole,Quantification,Below LOD,,234200.33,0.27,-8.071,-34.884,Benzodiazepina,Sedativo/ansiolítico,<LOD,0.27,População média de 234200.33 hab associada ao Ano Novo/Recife no arquivo; confirmar associação antes da publicação.
2025,PE,Recife,PE - Recife,Cabanga,New Year,2025-12-29,4,During,Desalkylflurazepam,Metabolite,Triple Quadrupole,Quantification,Detected,2.34,234200.33,0.51,-8.071,-34.884,Metabólito de benzodiazepínico,,2.34,0.51,População média de 234200.33 hab associada ao Ano Novo/Recife no arquivo; confirmar associação antes da publicação.
2025,PE,Recife,PE - Recife,Cabanga,New Year,2025-12-29,4,During,Methcathinone,NPS,Triple Quadrupole,Quantification,Detected,11.56,234200.33,2.54,-8.071,-34.884,Catinona sintética,Estimulante,11.56,2.54,População média de 234200.33 hab associada ao Ano Novo/Recife no arquivo; confirmar associação antes da publicação.
2025,PE,Recife,PE - Recife,Cabanga,New Year,2025-12-29,4,During,Phenibut,NPS,Triple Quadrupole,Quantification,Detected,2.29,234200.33,0.57,-8.071,-34.884,Análogo de GABA,Depressor do SNC,2.29,0.57,População média de 234200.33 hab associada ao Ano Novo/Recife no arquivo; confirmar associação antes da publicação.
2025,PE,Recife,PE - Recife,Cabanga,New Year,2025-12-30,5,During,Clonazolam,NPS,Triple Quadrupole,Quantification,Below LOD,,234200.33,0.29,-8.071,-34.884,Benzodiazepina,Sedativo/ansiolítico,<LOD,0.29,População média de 234200.33 hab associada ao Ano Novo/Recife no arquivo; confirmar associação antes da publicação.
2025,PE,Recife,PE - Recife,Cabanga,New Year,2025-12-30,5,During,Desalkylflurazepam,Metabolite,Triple Quadrupole,Quantification,Detected,2.63,234200.33,0.61,-8.071,-34.884,Metabólito de benzodiazepínico,,2.63,0.61,População média de 234200.33 hab associada ao Ano Novo/Recife no arquivo; confirmar associação antes da publicação.
2025,PE,Recife,PE - Recife,Cabanga,New Year,2025-12-30,5,During,Methcathinone,NPS,Triple Quadrupole,Quantification,Detected,2.85,234200.33,0.66,-8.071,-34.884,Catinona sintética,Estimulante,2.85,0.66,População média de 234200.33 hab associada ao Ano Novo/Recife no arquivo; confirmar associação antes da publicação.
2025,PE,Recife,PE - Recife,Cabanga,New Year,2025-12-30,5,During,Phenibut,NPS,Triple Quadrupole,Quantification,Detected,0.95,234200.33,0.24,-8.071,-34.884,Análogo de GABA,Depressor do SNC,0.95,0.24,População média de 234200.33 hab associada ao Ano Novo/Recife no arquivo; confirmar associação antes da publicação.
2025,PE,Recife,PE - Recife,Cabanga,New Year,2025-12-31,6,During,Clonazolam,NPS,Triple Quadrupole,Quantification,Below LOD,,234200.33,0.33,-8.071,-34.884,Benzodiazepina,Sedativo/ansiolítico,<LOD,0.33,População média de 234200.33 hab associada ao Ano Novo/Recife no arquivo; confirmar associação antes da publicação.
2025,PE,Recife,PE - Recife,Cabanga,New Year,2025-12-31,6,During,Desalkylflurazepam,Metabolite,Triple Quadrupole,Quantification,Detected,1.72,234200.33,0.45,-8.071,-34.884,Metabólito de benzodiazepínico,,1.72,0.45,População média de 234200.33 hab associada ao Ano Novo/Recife no arquivo; confirmar associação antes da publicação.
2025,PE,Recife,PE - Recife,Cabanga,New Year,2025-12-31,6,During,Methcathinone,NPS,Triple Quadrupole,Quantification,Detected,2.21,234200.33,0.58,-8.071,-34.884,Catinona sintética,Estimulante,2.21,0.58,População média de 234200.33 hab associada ao Ano Novo/Recife no arquivo; confirmar associação antes da publicação.
2025,PE,Recife,PE - Recife,Cabanga,New Year,2025-12-31,6,During,Phenibut,NPS,Triple Quadrupole,Quantification,Detected,1.91,234200.33,0.48,-8.071,-34.884,Análogo de GABA,Depressor do SNC,1.91,0.48,População média de 234200.33 hab associada ao Ano Novo/Recife no arquivo; confirmar associação antes da publicação.
2025,PE,Recife,PE - Recife,Cabanga,New Year,2026-01-01,7,During,Clonazolam,NPS,Triple Quadrupole,Quantification,Below LOD,,234200.33,0.3,-8.071,-34.884,Benzodiazepina,Sedativo/ansiolítico,<LOD,0.3,População média de 234200.33 hab associada ao Ano Novo/Recife no arquivo; confirmar associação antes da publicação.
2025,PE,Recife,PE - Recife,Cabanga,New Year,2026-01-01,7,During,Desalkylflurazepam,Metabolite,Triple Quadrupole,Quantification,Detected,1.23,234200.33,0.3,-8.071,-34.884,Metabólito de benzodiazepínico,,1.23,0.3,População média de 234200.33 hab associada ao Ano Novo/Recife no arquivo; confirmar associação antes da publicação.
2025,PE,Recife,PE - Recife,Cabanga,New Year,2026-01-01,7,During,Methcathinone,NPS,Triple Quadrupole,Quantification,Detected,1.1,234200.33,0.27,-8.071,-34.884,Catinona sintética,Estimulante,1.1,0.27,População média de 234200.33 hab associada ao Ano Novo/Recife no arquivo; confirmar associação antes da publicação.
2025,PE,Recife,PE - Recife,Cabanga,New Year,2026-01-01,7,During,Phenibut,NPS,Triple Quadrupole,Quantification,Detected,1.35,234200.33,0.34,-8.071,-34.884,Análogo de GABA,Depressor do SNC,1.35,0.34,População média de 234200.33 hab associada ao Ano Novo/Recife no arquivo; confirmar associação antes da publicação.
2025,PE,Caruaru,PE - Caruaru,Rendeiras,Sao Joao,2025-06-19,1,During,Ketamine,NPS,Orbitrap HRMS,Screening,Detected,,,,,,Tipo fenciclidina,Dissociativo,,,"Detecção em triagem não direcionada (Orbitrap), transcrita dos resultados fornecidos."
2025,PE,Caruaru,PE - Caruaru,Rendeiras,Sao Joao,2025-06-20,2,During,Ketamine,NPS,Orbitrap HRMS,Screening,Detected,,,,,,Tipo fenciclidina,Dissociativo,,,"Detecção em triagem não direcionada (Orbitrap), transcrita dos resultados fornecidos."
2025,PE,Caruaru,PE - Caruaru,Rendeiras,Sao Joao,2025-06-21,3,During,Ketamine,NPS,Orbitrap HRMS,Screening,Detected,,,,,,Tipo fenciclidina,Dissociativo,,,"Detecção em triagem não direcionada (Orbitrap), transcrita dos resultados fornecidos."
2025,PE,Caruaru,PE - Caruaru,Rendeiras,Sao Joao,2025-06-22,4,During,Ketamine,NPS,Orbitrap HRMS,Screening,Detected,,,,,,Tipo fenciclidina,Dissociativo,,,"Detecção em triagem não direcionada (Orbitrap), transcrita dos resultados fornecidos."
2025,PE,Caruaru,PE - Caruaru,Rendeiras,Sao Joao,2025-06-23,5,During,Ketamine,NPS,Orbitrap HRMS,Screening,Detected,,,,,,Tipo fenciclidina,Dissociativo,,,"Detecção em triagem não direcionada (Orbitrap), transcrita dos resultados fornecidos."
2025,PE,Caruaru,PE - Caruaru,Rendeiras,Sao Joao,2025-06-24,6,During,Ketamine,NPS,Orbitrap HRMS,Screening,Detected,,,,,,Tipo fenciclidina,Dissociativo,,,"Detecção em triagem não direcionada (Orbitrap), transcrita dos resultados fornecidos."
2025,PE,Caruaru,PE - Caruaru,Rendeiras,Sao Joao,2025-06-25,7,During,Ketamine,NPS,Orbitrap HRMS,Screening,Detected,,,,,,Tipo fenciclidina,Dissociativo,,,"Detecção em triagem não direcionada (Orbitrap), transcrita dos resultados fornecidos."
2025,PE,Caruaru,PE - Caruaru,Rendeiras,Sao Joao,2025-06-19,1,During,m-CPP,NPS,Orbitrap HRMS,Screening,Detected,,,,,,Piperazina,Estimulante/serotoninérgico,,,"Detecção em triagem não direcionada (Orbitrap), transcrita dos resultados fornecidos."
2025,PE,Caruaru,PE - Caruaru,Rendeiras,Sao Joao,2025-06-22,4,During,m-CPP,NPS,Orbitrap HRMS,Screening,Detected,,,,,,Piperazina,Estimulante/serotoninérgico,,,"Detecção em triagem não direcionada (Orbitrap), transcrita dos resultados fornecidos."
2025,PE,Caruaru,PE - Caruaru,Rendeiras,Sao Joao,2025-06-23,5,During,m-CPP,NPS,Orbitrap HRMS,Screening,Detected,,,,,,Piperazina,Estimulante/serotoninérgico,,,"Detecção em triagem não direcionada (Orbitrap), transcrita dos resultados fornecidos."
2025,PE,Caruaru,PE - Caruaru,Rendeiras,Sao Joao,2025-06-24,6,During,m-CPP,NPS,Orbitrap HRMS,Screening,Detected,,,,,,Piperazina,Estimulante/serotoninérgico,,,"Detecção em triagem não direcionada (Orbitrap), transcrita dos resultados fornecidos."
2025,PE,Caruaru,PE - Caruaru,Rendeiras,Sao Joao,2025-06-25,7,During,m-CPP,NPS,Orbitrap HRMS,Screening,Detected,,,,,,Piperazina,Estimulante/serotoninérgico,,,"Detecção em triagem não direcionada (Orbitrap), transcrita dos resultados fornecidos."
2025,PE,Caruaru,PE - Caruaru,Rendeiras,Sao Joao,2025-06-20,2,During,MBDB,NPS,Orbitrap HRMS,Screening,Detected,,,,,,Fenetilamina,Estimulante/entactógeno,,,"Detecção em triagem não direcionada (Orbitrap), transcrita dos resultados fornecidos."
2025,PE,Caruaru,PE - Caruaru,Rendeiras,Sao Joao,2025-06-21,3,During,Norketamine,Metabolite,Orbitrap HRMS,Screening,Detected,,,,,,Metabólito da ketamine,Metabólito relacionado ao efeito dissociativo,,,"Detecção em triagem não direcionada (Orbitrap), transcrita dos resultados fornecidos."
2025,PE,Caruaru,PE - Caruaru,Rendeiras,Sao Joao,2025-06-22,4,During,Norketamine,Metabolite,Orbitrap HRMS,Screening,Detected,,,,,,Metabólito da ketamine,Metabólito relacionado ao efeito dissociativo,,,"Detecção em triagem não direcionada (Orbitrap), transcrita dos resultados fornecidos."
2025,PE,Caruaru,PE - Caruaru,Rendeiras,Sao Joao,2025-06-23,5,During,Norketamine,Metabolite,Orbitrap HRMS,Screening,Detected,,,,,,Metabólito da ketamine,Metabólito relacionado ao efeito dissociativo,,,"Detecção em triagem não direcionada (Orbitrap), transcrita dos resultados fornecidos."
2025,PE,Caruaru,PE - Caruaru,Rendeiras,Sao Joao,2025-06-24,6,During,Norketamine,Metabolite,Orbitrap HRMS,Screening,Detected,,,,,,Metabólito da ketamine,Metabólito relacionado ao efeito dissociativo,,,"Detecção em triagem não direcionada (Orbitrap), transcrita dos resultados fornecidos."
2025,PE,Caruaru,PE - Caruaru,Rendeiras,Sao Joao,2025-06-25,7,During,Norketamine,Metabolite,Orbitrap HRMS,Screening,Detected,,,,,,Metabólito da ketamine,Metabólito relacionado ao efeito dissociativo,,,"Detecção em triagem não direcionada (Orbitrap), transcrita dos resultados fornecidos."
2025,PE,Caruaru,PE - Caruaru,Rendeiras,Sao Joao,2025-06-19,1,During,Methoxyamphetamine,NPS,Orbitrap HRMS,Screening,Detected,,,,,,Fenetilamina / derivado anfetamínico,Estimulante/alucinógeno,,,"Detecção em triagem não direcionada (Orbitrap), transcrita dos resultados fornecidos."
2025,PE,Caruaru,PE - Caruaru,Rendeiras,Sao Joao,2025-06-22,4,During,Methoxyamphetamine,NPS,Orbitrap HRMS,Screening,Detected,,,,,,Fenetilamina / derivado anfetamínico,Estimulante/alucinógeno,,,"Detecção em triagem não direcionada (Orbitrap), transcrita dos resultados fornecidos."
2025,PE,Caruaru,PE - Caruaru,Rendeiras,Sao Joao,2025-06-25,7,During,Methoxyamphetamine,NPS,Orbitrap HRMS,Screening,Detected,,,,,,Fenetilamina / derivado anfetamínico,Estimulante/alucinógeno,,,"Detecção em triagem não direcionada (Orbitrap), transcrita dos resultados fornecidos."
2025,PE,Recife,PE - Recife,Cabanga,New Year,2025-12-26,1,During,Ketamine,NPS,Orbitrap HRMS,Screening,Detected,,,,-8.071,-34.884,Tipo fenciclidina,Dissociativo,,,"Detecção em triagem não direcionada (Orbitrap), transcrita dos resultados fornecidos."
2025,PE,Recife,PE - Recife,Cabanga,New Year,2025-12-27,2,During,Ketamine,NPS,Orbitrap HRMS,Screening,Detected,,,,-8.071,-34.884,Tipo fenciclidina,Dissociativo,,,"Detecção em triagem não direcionada (Orbitrap), transcrita dos resultados fornecidos."
2025,PE,Recife,PE - Recife,Cabanga,New Year,2025-12-29,4,During,Ketamine,NPS,Orbitrap HRMS,Screening,Detected,,,,-8.071,-34.884,Tipo fenciclidina,Dissociativo,,,"Detecção em triagem não direcionada (Orbitrap), transcrita dos resultados fornecidos."
2025,PE,Recife,PE - Recife,Cabanga,New Year,2025-12-30,5,During,Ketamine,NPS,Orbitrap HRMS,Screening,Detected,,,,-8.071,-34.884,Tipo fenciclidina,Dissociativo,,,"Detecção em triagem não direcionada (Orbitrap), transcrita dos resultados fornecidos."
2025,PE,Recife,PE - Recife,Cabanga,New Year,2025-12-31,6,During,Ketamine,NPS,Orbitrap HRMS,Screening,Detected,,,,-8.071,-34.884,Tipo fenciclidina,Dissociativo,,,"Detecção em triagem não direcionada (Orbitrap), transcrita dos resultados fornecidos."
2025,PE,Recife,PE - Recife,Cabanga,New Year,2026-01-01,7,During,Ketamine,NPS,Orbitrap HRMS,Screening,Detected,,,,-8.071,-34.884,Tipo fenciclidina,Dissociativo,,,"Detecção em triagem não direcionada (Orbitrap), transcrita dos resultados fornecidos."
2025,PE,Recife,PE - Recife,Cabanga,New Year,2025-12-26,1,During,m-CPP,NPS,Orbitrap HRMS,Screening,Detected,,,,-8.071,-34.884,Piperazina,Estimulante/serotoninérgico,,,"Detecção em triagem não direcionada (Orbitrap), transcrita dos resultados fornecidos."
2025,PE,Recife,PE - Recife,Cabanga,New Year,2025-12-27,2,During,m-CPP,NPS,Orbitrap HRMS,Screening,Detected,,,,-8.071,-34.884,Piperazina,Estimulante/serotoninérgico,,,"Detecção em triagem não direcionada (Orbitrap), transcrita dos resultados fornecidos."
2025,PE,Recife,PE - Recife,Cabanga,New Year,2025-12-29,4,During,m-CPP,NPS,Orbitrap HRMS,Screening,Detected,,,,-8.071,-34.884,Piperazina,Estimulante/serotoninérgico,,,"Detecção em triagem não direcionada (Orbitrap), transcrita dos resultados fornecidos."
2025,PE,Recife,PE - Recife,Cabanga,New Year,2025-12-30,5,During,m-CPP,NPS,Orbitrap HRMS,Screening,Detected,,,,-8.071,-34.884,Piperazina,Estimulante/serotoninérgico,,,"Detecção em triagem não direcionada (Orbitrap), transcrita dos resultados fornecidos."
2025,PE,Recife,PE - Recife,Cabanga,New Year,2026-01-01,7,During,m-CPP,NPS,Orbitrap HRMS,Screening,Detected,,,,-8.071,-34.884,Piperazina,Estimulante/serotoninérgico,,,"Detecção em triagem não direcionada (Orbitrap), transcrita dos resultados fornecidos."
2025,PE,Recife,PE - Recife,Cabanga,New Year,2025-12-26,1,During,Norketamine,Metabolite,Orbitrap HRMS,Screening,Detected,,,,-8.071,-34.884,Metabólito da ketamine,Metabólito relacionado ao efeito dissociativo,,,"Detecção em triagem não direcionada (Orbitrap), transcrita dos resultados fornecidos."
2025,PE,Recife,PE - Recife,Cabanga,New Year,2025-12-27,2,During,Norketamine,Metabolite,Orbitrap HRMS,Screening,Detected,,,,-8.071,-34.884,Metabólito da ketamine,Metabólito relacionado ao efeito dissociativo,,,"Detecção em triagem não direcionada (Orbitrap), transcrita dos resultados fornecidos."
2025,PE,Recife,PE - Recife,Cabanga,New Year,2025-12-28,3,During,Norketamine,Metabolite,Orbitrap HRMS,Screening,Detected,,,,-8.071,-34.884,Metabólito da ketamine,Metabólito relacionado ao efeito dissociativo,,,"Detecção em triagem não direcionada (Orbitrap), transcrita dos resultados fornecidos."
2025,PE,Recife,PE - Recife,Cabanga,New Year,2025-12-29,4,During,Norketamine,Metabolite,Orbitrap HRMS,Screening,Detected,,,,-8.071,-34.884,Metabólito da ketamine,Metabólito relacionado ao efeito dissociativo,,,"Detecção em triagem não direcionada (Orbitrap), transcrita dos resultados fornecidos."
2025,PE,Recife,PE - Recife,Cabanga,New Year,2025-12-30,5,During,Norketamine,Metabolite,Orbitrap HRMS,Screening,Detected,,,,-8.071,-34.884,Metabólito da ketamine,Metabólito relacionado ao efeito dissociativo,,,"Detecção em triagem não direcionada (Orbitrap), transcrita dos resultados fornecidos."
2025,PE,Recife,PE - Recife,Cabanga,New Year,2025-12-31,6,During,Norketamine,Metabolite,Orbitrap HRMS,Screening,Detected,,,,-8.071,-34.884,Metabólito da ketamine,Metabólito relacionado ao efeito dissociativo,,,"Detecção em triagem não direcionada (Orbitrap), transcrita dos resultados fornecidos."
2025,PE,Recife,PE - Recife,Cabanga,New Year,2026-01-01,7,During,Norketamine,Metabolite,Orbitrap HRMS,Screening,Detected,,,,-8.071,-34.884,Metabólito da ketamine,Metabólito relacionado ao efeito dissociativo,,,"Detecção em triagem não direcionada (Orbitrap), transcrita dos resultados fornecidos."
2026,PE,Recife,PE - Recife,Cabanga,Carnival,2026-02-13,2,During,Ketamine,NPS,Orbitrap HRMS,Screening,Detected,,,,-8.071,-34.884,Tipo fenciclidina,Dissociativo,,,"Detecção em triagem não direcionada (Orbitrap), transcrita dos resultados fornecidos."
2026,PE,Recife,PE - Recife,Cabanga,Carnival,2026-02-14,3,During,Ketamine,NPS,Orbitrap HRMS,Screening,Detected,,,,-8.071,-34.884,Tipo fenciclidina,Dissociativo,,,"Detecção em triagem não direcionada (Orbitrap), transcrita dos resultados fornecidos."
2026,PE,Recife,PE - Recife,Cabanga,Carnival,2026-02-15,4,During,Ketamine,NPS,Orbitrap HRMS,Screening,Detected,,,,-8.071,-34.884,Tipo fenciclidina,Dissociativo,,,"Detecção em triagem não direcionada (Orbitrap), transcrita dos resultados fornecidos."
2026,PE,Recife,PE - Recife,Cabanga,Carnival,2026-02-16,5,During,Ketamine,NPS,Orbitrap HRMS,Screening,Detected,,,,-8.071,-34.884,Tipo fenciclidina,Dissociativo,,,"Detecção em triagem não direcionada (Orbitrap), transcrita dos resultados fornecidos."
2026,PE,Recife,PE - Recife,Cabanga,Carnival,2026-02-17,6,During,Ketamine,NPS,Orbitrap HRMS,Screening,Detected,,,,-8.071,-34.884,Tipo fenciclidina,Dissociativo,,,"Detecção em triagem não direcionada (Orbitrap), transcrita dos resultados fornecidos."
2026,PE,Recife,PE - Recife,Cabanga,Carnival,2026-02-18,7,During,Ketamine,NPS,Orbitrap HRMS,Screening,Detected,,,,-8.071,-34.884,Tipo fenciclidina,Dissociativo,,,"Detecção em triagem não direcionada (Orbitrap), transcrita dos resultados fornecidos."
2026,PE,Recife,PE - Recife,Cabanga,Carnival,2026-02-13,2,During,m-CPP,NPS,Orbitrap HRMS,Screening,Detected,,,,-8.071,-34.884,Piperazina,Estimulante/serotoninérgico,,,"Detecção em triagem não direcionada (Orbitrap), transcrita dos resultados fornecidos."
2026,PE,Recife,PE - Recife,Cabanga,Carnival,2026-02-16,5,During,m-CPP,NPS,Orbitrap HRMS,Screening,Detected,,,,-8.071,-34.884,Piperazina,Estimulante/serotoninérgico,,,"Detecção em triagem não direcionada (Orbitrap), transcrita dos resultados fornecidos."
2026,PE,Recife,PE - Recife,Cabanga,Carnival,2026-02-17,6,During,m-CPP,NPS,Orbitrap HRMS,Screening,Detected,,,,-8.071,-34.884,Piperazina,Estimulante/serotoninérgico,,,"Detecção em triagem não direcionada (Orbitrap), transcrita dos resultados fornecidos."
2026,PE,Recife,PE - Recife,Cabanga,Carnival,2026-02-18,7,During,m-CPP,NPS,Orbitrap HRMS,Screening,Detected,,,,-8.071,-34.884,Piperazina,Estimulante/serotoninérgico,,,"Detecção em triagem não direcionada (Orbitrap), transcrita dos resultados fornecidos."
2026,PE,Recife,PE - Recife,Cabanga,Carnival,2026-02-13,2,During,Norketamine,Metabolite,Orbitrap HRMS,Screening,Detected,,,,-8.071,-34.884,Metabólito da ketamine,Metabólito relacionado ao efeito dissociativo,,,"Detecção em triagem não direcionada (Orbitrap), transcrita dos resultados fornecidos."
2026,PE,Recife,PE - Recife,Cabanga,Carnival,2026-02-15,4,During,Norketamine,Metabolite,Orbitrap HRMS,Screening,Detected,,,,-8.071,-34.884,Metabólito da ketamine,Metabólito relacionado ao efeito dissociativo,,,"Detecção em triagem não direcionada (Orbitrap), transcrita dos resultados fornecidos."
2026,PE,Recife,PE - Recife,Cabanga,Carnival,2026-02-16,5,During,Norketamine,Metabolite,Orbitrap HRMS,Screening,Detected,,,,-8.071,-34.884,Metabólito da ketamine,Metabólito relacionado ao efeito dissociativo,,,"Detecção em triagem não direcionada (Orbitrap), transcrita dos resultados fornecidos."
2026,PE,Recife,PE - Recife,Cabanga,Carnival,2026-02-17,6,During,Norketamine,Metabolite,Orbitrap HRMS,Screening,Detected,,,,-8.071,-34.884,Metabólito da ketamine,Metabólito relacionado ao efeito dissociativo,,,"Detecção em triagem não direcionada (Orbitrap), transcrita dos resultados fornecidos."
2026,PE,Recife,PE - Recife,Cabanga,Carnival,2026-02-18,7,During,Norketamine,Metabolite,Orbitrap HRMS,Screening,Detected,,,,-8.071,-34.884,Metabólito da ketamine,Metabólito relacionado ao efeito dissociativo,,,"Detecção em triagem não direcionada (Orbitrap), transcrita dos resultados fornecidos."
2026,PE,Recife,PE - Recife,Cabanga,Carnival,2026-02-14,3,During,Methoxyamphetamine,NPS,Orbitrap HRMS,Screening,Detected,,,,-8.071,-34.884,Fenetilamina / derivado anfetamínico,Estimulante/alucinógeno,,,"Detecção em triagem não direcionada (Orbitrap), transcrita dos resultados fornecidos."
2026,PE,Recife,PE - Recife,Cabanga,Carnival,2026-02-15,4,During,Methoxyamphetamine,NPS,Orbitrap HRMS,Screening,Detected,,,,-8.071,-34.884,Fenetilamina / derivado anfetamínico,Estimulante/alucinógeno,,,"Detecção em triagem não direcionada (Orbitrap), transcrita dos resultados fornecidos."
2026,PE,Recife,PE - Recife,Cabanga,Carnival,2026-02-17,6,During,Methoxyamphetamine,NPS,Orbitrap HRMS,Screening,Detected,,,,-8.071,-34.884,Fenetilamina / derivado anfetamínico,Estimulante/alucinógeno,,,"Detecção em triagem não direcionada (Orbitrap), transcrita dos resultados fornecidos."
2026,PE,Recife,PE - Recife,Cabanga,Carnival,2026-02-18,7,During,Methoxyamphetamine,NPS,Orbitrap HRMS,Screening,Detected,,,,-8.071,-34.884,Fenetilamina / derivado anfetamínico,Estimulante/alucinógeno,,,"Detecção em triagem não direcionada (Orbitrap), transcrita dos resultados fornecidos."
2026,PE,Olinda,PE - Olinda,Peixinho,Carnival,2026-02-13,2,During,Ketamine,NPS,Orbitrap HRMS,Screening,Detected,,,,-7.999,-34.86,Tipo fenciclidina,Dissociativo,,,"Detecção em triagem não direcionada (Orbitrap), transcrita dos resultados fornecidos."
2026,PE,Olinda,PE - Olinda,Peixinho,Carnival,2026-02-14,3,During,Ketamine,NPS,Orbitrap HRMS,Screening,Detected,,,,-7.999,-34.86,Tipo fenciclidina,Dissociativo,,,"Detecção em triagem não direcionada (Orbitrap), transcrita dos resultados fornecidos."
2026,PE,Olinda,PE - Olinda,Peixinho,Carnival,2026-02-15,4,During,Ketamine,NPS,Orbitrap HRMS,Screening,Detected,,,,-7.999,-34.86,Tipo fenciclidina,Dissociativo,,,"Detecção em triagem não direcionada (Orbitrap), transcrita dos resultados fornecidos."
2026,PE,Olinda,PE - Olinda,Peixinho,Carnival,2026-02-16,5,During,Ketamine,NPS,Orbitrap HRMS,Screening,Detected,,,,-7.999,-34.86,Tipo fenciclidina,Dissociativo,,,"Detecção em triagem não direcionada (Orbitrap), transcrita dos resultados fornecidos."
2026,PE,Olinda,PE - Olinda,Peixinho,Carnival,2026-02-17,6,During,Ketamine,NPS,Orbitrap HRMS,Screening,Detected,,,,-7.999,-34.86,Tipo fenciclidina,Dissociativo,,,"Detecção em triagem não direcionada (Orbitrap), transcrita dos resultados fornecidos."
2026,PE,Olinda,PE - Olinda,Peixinho,Carnival,2026-02-18,7,During,Ketamine,NPS,Orbitrap HRMS,Screening,Detected,,,,-7.999,-34.86,Tipo fenciclidina,Dissociativo,,,"Detecção em triagem não direcionada (Orbitrap), transcrita dos resultados fornecidos."
2026,PE,Olinda,PE - Olinda,Peixinho,Carnival,2026-02-14,3,During,m-CPP,NPS,Orbitrap HRMS,Screening,Detected,,,,-7.999,-34.86,Piperazina,Estimulante/serotoninérgico,,,"Detecção em triagem não direcionada (Orbitrap), transcrita dos resultados fornecidos."
2026,PE,Olinda,PE - Olinda,Peixinho,Carnival,2026-02-15,4,During,m-CPP,NPS,Orbitrap HRMS,Screening,Detected,,,,-7.999,-34.86,Piperazina,Estimulante/serotoninérgico,,,"Detecção em triagem não direcionada (Orbitrap), transcrita dos resultados fornecidos."
2026,PE,Olinda,PE - Olinda,Peixinho,Carnival,2026-02-16,5,During,m-CPP,NPS,Orbitrap HRMS,Screening,Detected,,,,-7.999,-34.86,Piperazina,Estimulante/serotoninérgico,,,"Detecção em triagem não direcionada (Orbitrap), transcrita dos resultados fornecidos."
2026,PE,Olinda,PE - Olinda,Peixinho,Carnival,2026-02-17,6,During,m-CPP,NPS,Orbitrap HRMS,Screening,Detected,,,,-7.999,-34.86,Piperazina,Estimulante/serotoninérgico,,,"Detecção em triagem não direcionada (Orbitrap), transcrita dos resultados fornecidos."
2026,PE,Olinda,PE - Olinda,Peixinho,Carnival,2026-02-13,2,During,MBDB,NPS,Orbitrap HRMS,Screening,Detected,,,,-7.999,-34.86,Fenetilamina,Estimulante/entactógeno,,,"Detecção em triagem não direcionada (Orbitrap), transcrita dos resultados fornecidos."
2026,PE,Olinda,PE - Olinda,Peixinho,Carnival,2026-02-18,7,During,MBDB,NPS,Orbitrap HRMS,Screening,Detected,,,,-7.999,-34.86,Fenetilamina,Estimulante/entactógeno,,,"Detecção em triagem não direcionada (Orbitrap), transcrita dos resultados fornecidos."
2026,PE,Olinda,PE - Olinda,Peixinho,Carnival,2026-02-13,2,During,Norketamine,Metabolite,Orbitrap HRMS,Screening,Detected,,,,-7.999,-34.86,Metabólito da ketamine,Metabólito relacionado ao efeito dissociativo,,,"Detecção em triagem não direcionada (Orbitrap), transcrita dos resultados fornecidos."
2026,PE,Olinda,PE - Olinda,Peixinho,Carnival,2026-02-14,3,During,Norketamine,Metabolite,Orbitrap HRMS,Screening,Detected,,,,-7.999,-34.86,Metabólito da ketamine,Metabólito relacionado ao efeito dissociativo,,,"Detecção em triagem não direcionada (Orbitrap), transcrita dos resultados fornecidos."
2026,PE,Olinda,PE - Olinda,Peixinho,Carnival,2026-02-15,4,During,Norketamine,Metabolite,Orbitrap HRMS,Screening,Detected,,,,-7.999,-34.86,Metabólito da ketamine,Metabólito relacionado ao efeito dissociativo,,,"Detecção em triagem não direcionada (Orbitrap), transcrita dos resultados fornecidos."
2026,PE,Olinda,PE - Olinda,Peixinho,Carnival,2026-02-16,5,During,Norketamine,Metabolite,Orbitrap HRMS,Screening,Detected,,,,-7.999,-34.86,Metabólito da ketamine,Metabólito relacionado ao efeito dissociativo,,,"Detecção em triagem não direcionada (Orbitrap), transcrita dos resultados fornecidos."
2026,PE,Olinda,PE - Olinda,Peixinho,Carnival,2026-02-17,6,During,Norketamine,Metabolite,Orbitrap HRMS,Screening,Detected,,,,-7.999,-34.86,Metabólito da ketamine,Metabólito relacionado ao efeito dissociativo,,,"Detecção em triagem não direcionada (Orbitrap), transcrita dos resultados fornecidos."
2026,PE,Olinda,PE - Olinda,Peixinho,Carnival,2026-02-12,1,During,Methoxyamphetamine,NPS,Orbitrap HRMS,Screening,Detected,,,,-7.999,-34.86,Fenetilamina / derivado anfetamínico,Estimulante/alucinógeno,,,"Detecção em triagem não direcionada (Orbitrap), transcrita dos resultados fornecidos."
2025,PB,Joao Pessoa,PB - Joao Pessoa,Mangabeira,New Year,2025-12-30,3,During,Ketamine,NPS,Orbitrap HRMS,Screening,Detected,,,,-7.175,-34.845,Tipo fenciclidina,Dissociativo,,,"Detecção em triagem não direcionada (Orbitrap), transcrita dos resultados fornecidos."
2025,PB,Joao Pessoa,PB - Joao Pessoa,Mangabeira,New Year,2025-12-31,4,During,Ketamine,NPS,Orbitrap HRMS,Screening,Detected,,,,-7.175,-34.845,Tipo fenciclidina,Dissociativo,,,"Detecção em triagem não direcionada (Orbitrap), transcrita dos resultados fornecidos."
2025,PB,Joao Pessoa,PB - Joao Pessoa,Mangabeira,New Year,2025-12-31,4,During,m-CPP,NPS,Orbitrap HRMS,Screening,Detected,,,,-7.175,-34.845,Piperazina,Estimulante/serotoninérgico,,,"Detecção em triagem não direcionada (Orbitrap), transcrita dos resultados fornecidos."
2025,PB,Joao Pessoa,PB - Joao Pessoa,Mangabeira,New Year,2025-12-29,2,During,Norfentanyl,Metabolite,Orbitrap HRMS,Screening,Detected,,,,-7.175,-34.845,Metabólito do fentanyl,Marcador de exposição a opioide,,,"Detecção em triagem não direcionada (Orbitrap), transcrita dos resultados fornecidos."
2025,PB,Joao Pessoa,PB - Joao Pessoa,Mangabeira,New Year,2025-12-30,3,During,Norfentanyl,Metabolite,Orbitrap HRMS,Screening,Detected,,,,-7.175,-34.845,Metabólito do fentanyl,Marcador de exposição a opioide,,,"Detecção em triagem não direcionada (Orbitrap), transcrita dos resultados fornecidos."
2025,PB,Joao Pessoa,PB - Joao Pessoa,Mangabeira,New Year,2025-12-31,4,During,Norfentanyl,Metabolite,Orbitrap HRMS,Screening,Detected,,,,-7.175,-34.845,Metabólito do fentanyl,Marcador de exposição a opioide,,,"Detecção em triagem não direcionada (Orbitrap), transcrita dos resultados fornecidos."
2025,PB,Joao Pessoa,PB - Joao Pessoa,Mangabeira,Reference,2025-10-05,4,Reference,Ketamine,NPS,Orbitrap HRMS,Screening,Detected,,,,-7.175,-34.845,Tipo fenciclidina,Dissociativo,,,"Detecção em triagem não direcionada (Orbitrap), transcrita dos resultados fornecidos."
2025,PB,Joao Pessoa,PB - Joao Pessoa,Mangabeira,Reference,2025-10-06,5,Reference,Ketamine,NPS,Orbitrap HRMS,Screening,Detected,,,,-7.175,-34.845,Tipo fenciclidina,Dissociativo,,,"Detecção em triagem não direcionada (Orbitrap), transcrita dos resultados fornecidos."
2025,PB,Joao Pessoa,PB - Joao Pessoa,Mangabeira,Reference,2025-10-07,6,Reference,Ketamine,NPS,Orbitrap HRMS,Screening,Detected,,,,-7.175,-34.845,Tipo fenciclidina,Dissociativo,,,"Detecção em triagem não direcionada (Orbitrap), transcrita dos resultados fornecidos."
2025,PB,Joao Pessoa,PB - Joao Pessoa,Mangabeira,Reference,2025-10-08,7,Reference,Ketamine,NPS,Orbitrap HRMS,Screening,Detected,,,,-7.175,-34.845,Tipo fenciclidina,Dissociativo,,,"Detecção em triagem não direcionada (Orbitrap), transcrita dos resultados fornecidos."
2025,PB,Joao Pessoa,PB - Joao Pessoa,Mangabeira,Reference,2025-10-06,5,Reference,m-CPP,NPS,Orbitrap HRMS,Screening,Detected,,,,-7.175,-34.845,Piperazina,Estimulante/serotoninérgico,,,"Detecção em triagem não direcionada (Orbitrap), transcrita dos resultados fornecidos."
2025,PB,Joao Pessoa,PB - Joao Pessoa,Mangabeira,Reference,2025-10-08,7,Reference,m-CPP,NPS,Orbitrap HRMS,Screening,Detected,,,,-7.175,-34.845,Piperazina,Estimulante/serotoninérgico,,,"Detecção em triagem não direcionada (Orbitrap), transcrita dos resultados fornecidos."
2025,PB,Joao Pessoa,PB - Joao Pessoa,Mangabeira,Reference,2025-10-05,4,Reference,Norketamine,Metabolite,Orbitrap HRMS,Screening,Detected,,,,-7.175,-34.845,Metabólito da ketamine,Metabólito relacionado ao efeito dissociativo,,,"Detecção em triagem não direcionada (Orbitrap), transcrita dos resultados fornecidos."
2025,PB,Joao Pessoa,PB - Joao Pessoa,Mangabeira,Reference,2025-10-06,5,Reference,Norketamine,Metabolite,Orbitrap HRMS,Screening,Detected,,,,-7.175,-34.845,Metabólito da ketamine,Metabólito relacionado ao efeito dissociativo,,,"Detecção em triagem não direcionada (Orbitrap), transcrita dos resultados fornecidos."
2025,PB,Joao Pessoa,PB - Joao Pessoa,Mangabeira,Reference,2025-10-07,6,Reference,Norketamine,Metabolite,Orbitrap HRMS,Screening,Detected,,,,-7.175,-34.845,Metabólito da ketamine,Metabólito relacionado ao efeito dissociativo,,,"Detecção em triagem não direcionada (Orbitrap), transcrita dos resultados fornecidos."
2025,PB,Joao Pessoa,PB - Joao Pessoa,Mangabeira,Reference,2025-10-04,3,Reference,Methoxyamphetamine,NPS,Orbitrap HRMS,Screening,Detected,,,,-7.175,-34.845,Fenetilamina / derivado anfetamínico,Estimulante/alucinógeno,,,"Detecção em triagem não direcionada (Orbitrap), transcrita dos resultados fornecidos."
2025,PB,Joao Pessoa,PB - Joao Pessoa,Mangabeira,Reference,2025-10-05,4,Reference,Methoxyamphetamine,NPS,Orbitrap HRMS,Screening,Detected,,,,-7.175,-34.845,Fenetilamina / derivado anfetamínico,Estimulante/alucinógeno,,,"Detecção em triagem não direcionada (Orbitrap), transcrita dos resultados fornecidos."
2025,PB,Joao Pessoa,PB - Joao Pessoa,Mangabeira,Reference,2025-10-06,5,Reference,Methoxyamphetamine,NPS,Orbitrap HRMS,Screening,Detected,,,,-7.175,-34.845,Fenetilamina / derivado anfetamínico,Estimulante/alucinógeno,,,"Detecção em triagem não direcionada (Orbitrap), transcrita dos resultados fornecidos."
2025,PB,Joao Pessoa,PB - Joao Pessoa,Mangabeira,Reference,2025-10-08,7,Reference,Methoxyamphetamine,NPS,Orbitrap HRMS,Screening,Detected,,,,-7.175,-34.845,Fenetilamina / derivado anfetamínico,Estimulante/alucinógeno,,,"Detecção em triagem não direcionada (Orbitrap), transcrita dos resultados fornecidos."
2025,RN,Natal,RN - Natal,Baldo,New Year,2025-12-28,1,During,Ketamine,NPS,Orbitrap HRMS,Screening,Detected,,,,,,Tipo fenciclidina,Dissociativo,,,"Detecção em triagem não direcionada (Orbitrap), transcrita dos resultados fornecidos."
2025,RN,Natal,RN - Natal,Baldo,New Year,2025-12-29,2,During,Ketamine,NPS,Orbitrap HRMS,Screening,Detected,,,,,,Tipo fenciclidina,Dissociativo,,,"Detecção em triagem não direcionada (Orbitrap), transcrita dos resultados fornecidos."
2025,RN,Natal,RN - Natal,Baldo,New Year,2025-12-30,3,During,Ketamine,NPS,Orbitrap HRMS,Screening,Detected,,,,,,Tipo fenciclidina,Dissociativo,,,"Detecção em triagem não direcionada (Orbitrap), transcrita dos resultados fornecidos."
2025,RN,Natal,RN - Natal,Baldo,New Year,2025-12-31,4,During,Ketamine,NPS,Orbitrap HRMS,Screening,Detected,,,,,,Tipo fenciclidina,Dissociativo,,,"Detecção em triagem não direcionada (Orbitrap), transcrita dos resultados fornecidos."
2025,RN,Natal,RN - Natal,Baldo,New Year,2026-01-01,5,During,Ketamine,NPS,Orbitrap HRMS,Screening,Detected,,,,,,Tipo fenciclidina,Dissociativo,,,"Detecção em triagem não direcionada (Orbitrap), transcrita dos resultados fornecidos."
2025,RN,Natal,RN - Natal,Baldo,New Year,2026-01-02,6,During,Ketamine,NPS,Orbitrap HRMS,Screening,Detected,,,,,,Tipo fenciclidina,Dissociativo,,,"Detecção em triagem não direcionada (Orbitrap), transcrita dos resultados fornecidos."
2025,RN,Natal,RN - Natal,Baldo,New Year,2026-01-03,7,During,Ketamine,NPS,Orbitrap HRMS,Screening,Detected,,,,,,Tipo fenciclidina,Dissociativo,,,"Detecção em triagem não direcionada (Orbitrap), transcrita dos resultados fornecidos."
2025,RN,Natal,RN - Natal,Baldo,New Year,2025-12-29,2,During,m-CPP,NPS,Orbitrap HRMS,Screening,Detected,,,,,,Piperazina,Estimulante/serotoninérgico,,,"Detecção em triagem não direcionada (Orbitrap), transcrita dos resultados fornecidos."
2025,RN,Natal,RN - Natal,Baldo,New Year,2025-12-30,3,During,m-CPP,NPS,Orbitrap HRMS,Screening,Detected,,,,,,Piperazina,Estimulante/serotoninérgico,,,"Detecção em triagem não direcionada (Orbitrap), transcrita dos resultados fornecidos."
2025,RN,Natal,RN - Natal,Baldo,New Year,2025-12-31,4,During,m-CPP,NPS,Orbitrap HRMS,Screening,Detected,,,,,,Piperazina,Estimulante/serotoninérgico,,,"Detecção em triagem não direcionada (Orbitrap), transcrita dos resultados fornecidos."
2025,RN,Natal,RN - Natal,Baldo,New Year,2026-01-01,5,During,m-CPP,NPS,Orbitrap HRMS,Screening,Detected,,,,,,Piperazina,Estimulante/serotoninérgico,,,"Detecção em triagem não direcionada (Orbitrap), transcrita dos resultados fornecidos."
2025,RN,Natal,RN - Natal,Baldo,New Year,2026-01-02,6,During,m-CPP,NPS,Orbitrap HRMS,Screening,Detected,,,,,,Piperazina,Estimulante/serotoninérgico,,,"Detecção em triagem não direcionada (Orbitrap), transcrita dos resultados fornecidos."
2025,RN,Natal,RN - Natal,Baldo,New Year,2025-12-29,2,During,Norfentanyl,Metabolite,Orbitrap HRMS,Screening,Detected,,,,,,Metabólito do fentanyl,Marcador de exposição a opioide,,,"Detecção em triagem não direcionada (Orbitrap), transcrita dos resultados fornecidos."
2025,RN,Natal,RN - Natal,Baldo,New Year,2025-12-30,3,During,Norfentanyl,Metabolite,Orbitrap HRMS,Screening,Detected,,,,,,Metabólito do fentanyl,Marcador de exposição a opioide,,,"Detecção em triagem não direcionada (Orbitrap), transcrita dos resultados fornecidos."
2025,RN,Natal,RN - Natal,Baldo,New Year,2025-12-31,4,During,Norfentanyl,Metabolite,Orbitrap HRMS,Screening,Detected,,,,,,Metabólito do fentanyl,Marcador de exposição a opioide,,,"Detecção em triagem não direcionada (Orbitrap), transcrita dos resultados fornecidos."
2025,RN,Natal,RN - Natal,Baldo,New Year,2025-12-30,3,During,Norketamine,Metabolite,Orbitrap HRMS,Screening,Detected,,,,,,Metabólito da ketamine,Metabólito relacionado ao efeito dissociativo,,,"Detecção em triagem não direcionada (Orbitrap), transcrita dos resultados fornecidos."
2025,RN,Natal,RN - Natal,Baldo,New Year,2025-12-31,4,During,Norketamine,Metabolite,Orbitrap HRMS,Screening,Detected,,,,,,Metabólito da ketamine,Metabólito relacionado ao efeito dissociativo,,,"Detecção em triagem não direcionada (Orbitrap), transcrita dos resultados fornecidos."
2025,RN,Natal,RN - Natal,Baldo,New Year,2026-01-01,5,During,Norketamine,Metabolite,Orbitrap HRMS,Screening,Detected,,,,,,Metabólito da ketamine,Metabólito relacionado ao efeito dissociativo,,,"Detecção em triagem não direcionada (Orbitrap), transcrita dos resultados fornecidos."
2025,RN,Natal,RN - Natal,Baldo,New Year,2026-01-03,7,During,Norketamine,Metabolite,Orbitrap HRMS,Screening,Detected,,,,,,Metabólito da ketamine,Metabólito relacionado ao efeito dissociativo,,,"Detecção em triagem não direcionada (Orbitrap), transcrita dos resultados fornecidos."
